"bookID";"genre";"publisher";"bookName";"category";"author"
"1000B";"Fantasy";"Broadway Books";"Sketches of Young Couples";"Books";"Homer"
"100B";"Parenting";"Vintage";"The Da Vinci Code";"Books";"Homer"
"101B";"Non-Fiction";"Buccaneer Books";"Angels and Demons";"Books";"Virgil"
"102B";"Education";"Scribner";"The Alchemist";"Books";"Dante Alighieri"
"103B";"Non-Fiction";"Clarity Press";"The Fault in Our Stars";"Books";"Miguel de Cervantes"
"104B";"Business";"Rowman & Littlefield Publishers";"The Girl on the Train";"Books";"John Milton"
"105B";"Non-Fiction";"Pearson";"The Help";"Books";"Geoffrey Chaucer"
"106B";"Fantasy";"Teacher Created Resources";"The Kite Runner";"Books";"Herman Melville"
"107B";"Fantasy";"Harper Perennial";"A Thousand Splendid Suns";"Books";"Mark Twain"
"108B";"Fantasy";"EMC/Paradigm Publishing";"Gone with the Wind";"Books";"Mark Twain"
"109B";"Fantasy";"Teaching Resources";"The Shining";"Books";"Mark Twain"
"10B";"Science Fiction";"Crown";"The Hobbit";"Books";"Homer"
"110B";"Fantasy";"Turtleback Books";"It";"Books";"Jack London"
"111B";"Unauthorized Fan Analysis";"Little Brown Book Group";"The Stand";"Books";"Jack London"
"112B";"Fantasy";"William Morrow";"The Silence of the Lambs";"Books";"Rudyard Kipling"
"113B";"Science Fiction";"Atria Books";"Jurassic Park";"Books";"Lewis Carroll"
"114B";"Humor";"Tor Books";"The Shadow of the Wind";"Books";"Lewis Carroll"
"115B";"Science Fiction";"Vintage Crime/Black Lizard";"The Name of the Wind";"Books";"Kenneth Grahame"
"116B";"Humor";"Vintage Crime/Black Lizard";"The Maze Runner";"Books";"J.M. Barrie"
"117B";"Science Fiction";"Vintage Crime/Black Lizard";"The Martian";"Books";"Frances Hodgson Burnett"
"118B";"Humor";"Vintage";"To Kill a Mockingbird";"Books";"Anna Sewell"
"119B";"Science Fiction";"Picador USA";"1984";"Books";"Laura Ingalls Wilder"
"11B";"Humor";"Random House Audio";"One Hundred Years of Solitude";"Books";"Virgil"
"120B";"Humor";"Sterling";"Pride and Prejudice";"Books";"Lucy Maud Montgomery"
"121B";"Science Fiction";"Puffin";"The Catcher in the Rye";"Books";"Bram Stoker"
"122B";"Humor";"New Directions Publishing";"Animal Farm";"Books";"Charles Dickens"
"123B";"Non-Fiction";"Grove Press";"Fahrenheit 451";"Books";"Charles Dickens"
"124B";"Science";"Grove Press";"Brave New World";"Books";"Jane Austen"
"125B";"Travel";"Grove Press";"The Lord of the Rings";"Books";"Jane Austen"
"126B";"Memoir";"Grove Press";"The Hobbit";"Books";"Jane Austen"
"127B";"Writing";"Grove Press";"One Hundred Years of Solitude";"Books";"Jane Austen"
"128B";"Language";"New Directions";"Crime and Punishment";"Books";"Jane Austen"
"129B";"Travel";"Penguin Classics";"The Brothers Karamazov";"Books";"Homer"
"12B";"Science Fiction";"Wings Books";"Moby-Dick";"Books";"Dante Alighieri"
"130B";"Memoir";"Barnes Noble Classics";"The Idiot";"Books";"Homer"
"131B";"Travel";"Brookline Books";"Anna Karenina";"Books";"Virgil"
"132B";"Humor";"The New Press";"War and Peace";"Books";"Dante Alighieri"
"133B";"Travel";"Pantheon";"Wuthering Heights";"Books";"Miguel de Cervantes"
"134B";"Memoir";"One World (UK)";"Jane Eyre";"Books";"John Milton"
"135B";"Travel";"Interlink Publishing Group";"Frankenstein";"Books";"Geoffrey Chaucer"
"136B";"Memoir";"Penguin Books";"Dracula";"Books";"Herman Melville"
"137B";"Travel";"Knopf";"Great Expectations";"Books";"Mark Twain"
"138B";"Memoir";"Citadel";"A Tale of Two Cities";"Books";"Mark Twain"
"139B";"Language";"Knopf";"The Picture of Dorian Gray";"Books";"Mark Twain"
"13B";"Humor";"Broadway Books";"Crime and Punishment";"Books";"Miguel de Cervantes"
"140B";"Non-Fiction";"Kingfisher";"Dr. Jekyll and Mr. Hyde";"Books";"Jack London"
"141B";"Fantasy";"Sterling Children's Books";"Heart of Darkness";"Books";"Jack London"
"142B";"Fantasy";"Simon & Schuster";"The Adventures of Sherlock Holmes";"Books";"Rudyard Kipling"
"143B";"Fantasy";"Atheneum Books for Young Readers";"The Hound of the Baskervilles";"Books";"Lewis Carroll"
"144B";"Fantasy";"Gramercy Books";"The Count of Monte Cristo";"Books";"Lewis Carroll"
"145B";"Fantasy";"Abdo Publishing Company";"Les Misérables";"Books";"Kenneth Grahame"
"146B";"Art";"Black Classic Press";"The Three Musketeers";"Books";"J.M. Barrie"
"147B";"Fantasy";"French & European";"The Scarlet Letter";"Books";"Frances Hodgson Burnett"
"148B";"Art";"Random House Books for Young Readers";"Sense and Sensibility";"Books";"Anna Sewell"
"149B";"Technology";"Zebra";"Emma";"Books";"Laura Ingalls Wilder"
"14B";"Science Fiction";"Broadway Books";"The Brothers Karamazov";"Books";"John Milton"
"150B";"Programming";"Greenwillow Books";"Mansfield Park";"Books";"Lucy Maud Montgomery"
"151B";"Young Adult";"Booket";"Persuasion";"Books";"Bram Stoker"
"152B";"Adventure";"Del Rey";"The Odyssey";"Books";"Charles Dickens"
"153B";"Education";"Ace";"The Iliad";"Books";"Charles Dickens"
"154B";"Teaching";"Ace Books";"The Aeneid";"Books";"Jane Austen"
"155B";"Biography";"Del Rey";"The Divine Comedy";"Books";"Jane Austen"
"156B";"Memoir";"Tor Books";"Don Quixote";"Books";"Jane Austen"
"157B";"Music";"Pocket Books";"Paradise Lost";"Books";"Jane Austen"
"158B";"Anthology";"Del Rey";"The Canterbury Tales";"Books";"Jane Austen"
"159B";"Literary Criticism";"Del Rey";"Moby Dick";"Books";"Homer"
"15B";"Humor";"Broadway Books";"The Idiot";"Books";"Geoffrey Chaucer"
"160B";"Fantasy";"Ballantine Books";"The Old Man and the Sea";"Books";"Homer"
"161B";"Romance";"Turtleback Books";"Lord of the Flies";"Books";"Virgil"
"162B";"Young Adult";"Samuel French Inc.";"Catch-22";"Books";"Dante Alighieri"
"163B";"Fantasy";"Princeton University Press";"One Flew Over the Cuckoo's Nest";"Books";"Miguel de Cervantes"
"164B";"Fantasy";"W. W. Norton & Company";"Slaughterhouse-Five";"Books";"John Milton"
"165B";"Mystery";"Simon & Schuster";"The Grapes of Wrath";"Books";"Geoffrey Chaucer"
"166B";"Horror";"HMH Books for Young Readers";"The Chronicles of Narnia";"Books";"Herman Melville"
"167B";"Drama";"Scribner";"The Harry Potter series";"Books";"Mark Twain"
"168B";"Horror";"Penguin";"The Hunger Games series";"Books";"Mark Twain"
"169B";"Historical Fiction";"Penguin Books";"The Twilight series";"Books";"Mark Twain"
"16B";"Science Fiction";"Broadway Books";"Anna Karenina";"Books";"Herman Melville"
"170B";"Romance";"Vintage Contemporaries";"The Girl with the Dragon Tattoo";"Books";"Jack London"
"171B";"Historical Fiction";"Scribner";"The Da Vinci Code";"Books";"Jack London"
"172B";"Historical Fiction";"Penguin Books";"Angels and Demons";"Books";"Rudyard Kipling"
"173B";"Historical Fiction";"Vintage";"The Alchemist";"Books";"Lewis Carroll"
"174B";"Non-Fiction";"Penguin Press";"The Fault in Our Stars";"Books";"Lewis Carroll"
"175B";"Finance";"Harper Perennial Modern Classics";"The Girl on the Train";"Books";"Kenneth Grahame"
"176B";"Fantasy";"Harper Perennial";"The Help";"Books";"J.M. Barrie"
"177B";"Graphic Novel";"Penguin Books";"The Kite Runner";"Books";"Frances Hodgson Burnett"
"178B";"Non-Fiction";"Picador USA";"A Thousand Splendid Suns";"Books";"Anna Sewell"
"179B";"Essays";"Penguin Classics";"Gone with the Wind";"Books";"Laura Ingalls Wilder"
"17B";"Humor";"Broadway Books";"War and Peace";"Books";"Mark Twain"
"180B";"Non-Fiction";"Penguin Books";"The Shining";"Books";"Lucy Maud Montgomery"
"181B";"Travel";"Penguin Books";"It";"Books";"Bram Stoker"
"182B";"Non-Fiction";"Sun and Moon Press";"The Stand";"Books";"Charles Dickens"
"183B";"Medicine";"Sky Books (NY)";"The Silence of the Lambs";"Books";"Charles Dickens"
"184B";"Non-Fiction";"Picador";"Jurassic Park";"Books";"Jane Austen"
"185B";"Environment";"Penguin Books";"The Shadow of the Wind";"Books";"Jane Austen"
"186B";"Non-Fiction";"Penguin Books";"The Name of the Wind";"Books";"Jane Austen"
"187B";"Geology";"Henry Holt & Company";"The Maze Runner";"Books";"Jane Austen"
"188B";"Non-Fiction";"Penguin Books";"The Martian";"Books";"Jane Austen"
"189B";"Travel";"New Directions";"To Kill a Mockingbird";"Books";"Homer"
"18B";"Non-Fiction";"William Morrow Paperbacks";"Wuthering Heights";"Books";"Mark Twain"
"190B";"Non-Fiction";"Actes Sud";"1984";"Books";"Homer"
"191B";"Essays";"Penguin Books Ltd. (London)";"Pride and Prejudice";"Books";"Virgil"
"192B";"Non-Fiction";"Business Plus";"The Catcher in the Rye";"Books";"Dante Alighieri"
"193B";"Biography";"Cambridge University Press";"Animal Farm";"Books";"Miguel de Cervantes"
"194B";"Drama";"Simon Schuster";"Fahrenheit 451";"Books";"John Milton"
"195B";"Play";"Ballantine Books";"Brave New World";"Books";"Geoffrey Chaucer"
"196B";"Drama";"W. W. Norton Company";"The Lord of the Rings";"Books";"Herman Melville"
"197B";"Play";"Filiquarian Publishing LLC.";"The Hobbit";"Books";"Mark Twain"
"198B";"Education";"Citadel";"One Hundred Years of Solitude";"Books";"Mark Twain"
"199B";"Teaching";"Lerner Publications";"Crime and Punishment";"Books";"Mark Twain"
"19B";"Science";"William Morrow Paperbacks";"Jane Eyre";"Books";"Mark Twain"
"1B";"Fantasy";"Scholastic Inc.";"The Great Gatsby";"Books";"Bram Stoker"
"200B";"Crafts";"Adventures Unlimited Press";"The Brothers Karamazov";"Books";"Jack London"
"201B";"Jewelry Making";"Harlequin Blaze";"The Idiot";"Books";"Jack London"
"202B";"Non-Fiction";"Pragmatic Bookshelf";"Anna Karenina";"Books";"Rudyard Kipling"
"203B";"Religion";"Cliffs Notes";"War and Peace";"Books";"Lewis Carroll"
"204B";"Non-Fiction";"Listening Library (Audio)";"Wuthering Heights";"Books";"Lewis Carroll"
"205B";"Parenting";"Random House";"Jane Eyre";"Books";"Kenneth Grahame"
"206B";"Non-Fiction";"HarperCollins Publishers";"Frankenstein";"Books";"J.M. Barrie"
"207B";"Education";"Picador";"Dracula";"Books";"Frances Hodgson Burnett"
"208B";"Non-Fiction";"Large Print Press";"Great Expectations";"Books";"Anna Sewell"
"209B";"Business";"Ballantine Books";"A Tale of Two Cities";"Books";"Laura Ingalls Wilder"
"20B";"Travel";"William Morrow Paperbacks";"Frankenstein";"Books";"Jack London"
"210B";"Non-Fiction";"Peachpit Press";"The Picture of Dorian Gray";"Books";"Lucy Maud Montgomery"
"211B";"Fantasy";"Peachpit Press";"Dr. Jekyll and Mr. Hyde";"Books";"Bram Stoker"
"212B";"Fantasy";"Taschen";"Heart of Darkness";"Books";"Charles Dickens"
"213B";"Fantasy";"Scribner";"The Adventures of Sherlock Holmes";"Books";"Charles Dickens"
"214B";"Fantasy";"Scribner";"The Hound of the Baskervilles";"Books";"Jane Austen"
"215B";"Fantasy";"Bantam";"The Count of Monte Cristo";"Books";"Jane Austen"
"216B";"Unauthorized Fan Analysis";"HarperTorch";"David Copperfield";"Books";"Jane Austen"
"217B";"Fantasy";"Walker & Company";"Oliver Twist";"Books";"Jane Austen"
"218B";"Science Fiction";"William Morrow Paperbacks";"A Christmas Carol";"Books";"Jane Austen"
"219B";"Humor";"Haynes Manuals N. America Inc.";"Great Expectations";"Books";"Homer"
"21B";"Memoir";"William Morrow Paperbacks";"Dracula";"Books";"Jack London"
"220B";"Science Fiction";"Rockport Publishers";"Little Women";"Books";"Homer"
"221B";"Humor";"Signet Classics";"The Adventures of Tom Sawyer";"Books";"Virgil"
"222B";"Science Fiction";"Oxford University Press";"The Adventures of Huckleberry Finn";"Books";"Dante Alighieri"
"223B";"Humor";"Dover Publications";"The Prince and the Pauper";"Books";"Miguel de Cervantes"
"224B";"Science Fiction";"Plume";"The Call of the Wild";"Books";"John Milton"
"225B";"Humor";"Signet Book";"White Fang";"Books";"Geoffrey Chaucer"
"226B";"Science Fiction";"Dutton";"The Jungle Book";"Books";"Herman Melville"
"227B";"Humor";"Signet";"Alice's Adventures in Wonderland";"Books";"Mark Twain"
"228B";"Non-Fiction";"NAL";"Through the Looking-Glass";"Books";"Mark Twain"
"229B";"Science";"Signet";"The Wind in the Willows";"Books";"Mark Twain"
"22B";"Writing";"Ballantine Books";"Great Expectations";"Books";"Rudyard Kipling"
"230B";"Travel";"Signet";"Peter Pan";"Books";"Jack London"
"231B";"Memoir";"NAL";"The Secret Garden";"Books";"Jack London"
"232B";"Writing";"For Dummies";"Black Beauty";"Books";"Rudyard Kipling"
"233B";"Language";"Delacorte Press";"Little House on the Prairie";"Books";"Lewis Carroll"
"234B";"Travel";"Random House Trade Paperbacks";"Anne of Green Gables";"Books";"Lewis Carroll"
"235B";"Memoir";"Lyons Press";"The Wonderful Wizard of Oz";"Books";"Kenneth Grahame"
"236B";"Travel";"Alliance Publishing";"The War of the Worlds";"Books";"J.M. Barrie"
"237B";"Humor";"Farrar Straus Giroux";"Journey to the Center of the Earth";"Books";"Frances Hodgson Burnett"
"238B";"Travel";"Alfred A. Knopf";"Twenty Thousand Leagues Under the Sea";"Books";"Anna Sewell"
"239B";"Memoir";"Bedford Books";"The Time Machine";"Books";"Laura Ingalls Wilder"
"23B";"Language";"Houghton Mifflin Harcourt";"A Tale of Two Cities";"Books";"Lewis Carroll"
"240B";"Travel";"Oxford University Press USA";"The Invisible Man";"Books";"Lucy Maud Montgomery"
"241B";"Memoir";"Vintage International";"The Strange Case of Dr Jekyll and Mr Hyde";"Books";"Bram Stoker"
"242B";"Travel";"Vintage";"The Island of Doctor Moreau";"Books";"Charles Dickens"
"243B";"Memoir";"Farrar Straus Giroux";"The Picture of Dorian Gray";"Books";"Charles Dickens"
"244B";"Language";"Vintage International";"Dracula";"Books";"Jane Austen"
"245B";"Non-Fiction";"Everyman's Library";"The Adventures of Sherlock Holmes";"Books";"Jane Austen"
"246B";"Fantasy";"Farrar Straus and Giroux";"The Hound of the Baskervilles";"Books";"Jane Austen"
"247B";"Fantasy";"Penguin Classics";"The Return of Sherlock Holmes";"Books";"Jane Austen"
"248B";"Fantasy";"Penguin Books";"The Sign of the Four";"Books";"Jane Austen"
"249B";"Fantasy";"Penguin Books";"The Valley of Fear";"Books";"Homer"
"24B";"Travel";"Houghton Mifflin Harcourt";"The Picture of Dorian Gray";"Books";"Lewis Carroll"
"250B";"Fantasy";"Sun and Moon Press";"The Adventures of Tom Sawyer";"Books";"Homer"
"251B";"Art";"Sky Books (NY)";"The Adventures of Huckleberry Finn";"Books";"Virgil"
"252B";"Fantasy";"Picador";"The Prince and the Pauper";"Books";"Dante Alighieri"
"253B";"Art";"Penguin Books";"The Call of the Wild";"Books";"Miguel de Cervantes"
"254B";"Technology";"Penguin Books";"White Fang";"Books";"John Milton"
"255B";"Programming";"Henry Holt & Company";"The Jungle Book";"Books";"Geoffrey Chaucer"
"256B";"Young Adult";"Penguin Books";"Alice's Adventures in Wonderland";"Books";"Herman Melville"
"257B";"Adventure";"New Directions";"Through the Looking-Glass";"Books";"Mark Twain"
"258B";"Education";"Actes Sud";"The Wind in the Willows";"Books";"Mark Twain"
"259B";"Teaching";"Penguin Books Ltd. (London)";"Peter Pan";"Books";"Mark Twain"
"25B";"Memoir";"Houghton Mifflin Harcourt";"Dr. Jekyll and Mr. Hyde";"Books";"Kenneth Grahame"
"260B";"Biography";"Dramatists Play Service";"The Secret Garden";"Books";"Jack London"
"261B";"Memoir";"Vintage";"Black Beauty";"Books";"Jack London"
"262B";"Music";"Routledge";"Little House on the Prairie";"Books";"Rudyard Kipling"
"263B";"Anthology";"North Light Books";"Anne of Green Gables";"Books";"Lewis Carroll"
"264B";"Literary Criticism";"Chosen Books";"The Wonderful Wizard of Oz";"Books";"Lewis Carroll"
"265B";"Fantasy";"Association for Supervision & Curriculum Development";"The War of the Worlds";"Books";"Kenneth Grahame"
"266B";"Romance";"Kingfisher";"Journey to the Center of the Earth";"Books";"J.M. Barrie"
"267B";"Young Adult";"ASCD";"Twenty Thousand Leagues Under the Sea";"Books";"Frances Hodgson Burnett"
"268B";"Fantasy";"Sovereign World";"The Time Machine";"Books";"Anna Sewell"
"269B";"Fantasy";"Workman Publishing Company";"The Invisible Man";"Books";"Laura Ingalls Wilder"
"26B";"Travel";"Houghton Mifflin Harcourt";"Heart of Darkness";"Books";"J.M. Barrie"
"270B";"Mystery";"One Hour Entertainment";"The Strange Case of Dr Jekyll and Mr Hyde";"Books";"Lucy Maud Montgomery"
"271B";"Horror";"North Light Books";"The Island of Doctor Moreau";"Books";"Bram Stoker"
"272B";"Drama";"Ace Books";"The Picture of Dorian Gray";"Books";"Charles Dickens"
"273B";"Horror";"Ace Books";"Dracula";"Books";"Charles Dickens"
"274B";"Historical Fiction";"Ace Books";"The Adventures of Sherlock Holmes";"Books";"Jane Austen"
"275B";"Romance";"Tor Books";"The Hound of the Baskervilles";"Books";"Jane Austen"
"276B";"Historical Fiction";"Putnam";"The Return of Sherlock Holmes";"Books";"Jane Austen"
"277B";"Historical Fiction";"Tor Science Fiction";"The Sign of the Four";"Books";"Jane Austen"
"278B";"Historical Fiction";"Ace Books";"The Valley of Fear";"Books";"Jane Austen"
"279B";"Non-Fiction";"Houghton Mifflin Harcourt";"The Adventures of Tom Sawyer";"Books";"Homer"
"27B";"Humor";"Houghton Mifflin Harcourt";"The Adventures of Sherlock Holmes";"Books";"Frances Hodgson Burnett"
"280B";"Finance";"Ballantine Books";"The Adventures of Huckleberry Finn";"Books";"Homer"
"281B";"Fantasy";"Delacorte Books for Young Readers";"The Prince and the Pauper";"Books";"Virgil"
"282B";"Graphic Novel";"Thomas Nelson";"The Call of the Wild";"Books";"Dante Alighieri"
"283B";"Non-Fiction";"Wiley";"White Fang";"Books";"Miguel de Cervantes"
"284B";"Essays";"Heinemann Drama";"The Jungle Book";"Books";"John Milton"
"285B";"Non-Fiction";"William Morrow Paperbacks";"Alice's Adventures in Wonderland";"Books";"Geoffrey Chaucer"
"286B";"Travel";"Wiley";"Through the Looking-Glass";"Books";"Herman Melville"
"287B";"Non-Fiction";"McGraw-Hill";"The Wind in the Willows";"Books";"Mark Twain"
"288B";"Medicine";"Wiley";"Peter Pan";"Books";"Mark Twain"
"289B";"Non-Fiction";"Wiley";"The Secret Garden";"Books";"Mark Twain"
"28B";"Travel";"Pragmatic Bookshelf";"The Hound of the Baskervilles";"Books";"Anna Sewell"
"290B";"Environment";"Wiley";"Black Beauty";"Books";"Jack London"
"291B";"Non-Fiction";"Wiley";"Little House on the Prairie";"Books";"Jack London"
"292B";"Geology";"O'Reilly Media";"Anne of Green Gables";"Books";"Rudyard Kipling"
"293B";"Non-Fiction";"Citadel";"The Wonderful Wizard of Oz";"Books";"Lewis Carroll"
"294B";"Travel";"Citadel";"The War of the Worlds";"Books";"Lewis Carroll"
"295B";"Non-Fiction";"O'Reilly Media";"Journey to the Center of the Earth";"Books";"Kenneth Grahame"
"296B";"Essays";"Penguin Classics";"Twenty Thousand Leagues Under the Sea";"Books";"J.M. Barrie"
"297B";"Non-Fiction";"Signet";"The Time Machine";"Books";"Frances Hodgson Burnett"
"298B";"Biography";"Penguin Books";"The Invisible Man";"Books";"Anna Sewell"
"299B";"Drama";"Cliffs Notes";"The Strange Case of Dr Jekyll and Mr Hyde";"Books";"Laura Ingalls Wilder"
"29B";"Memoir";"Atheneum Books for Young Readers: Richard Jackson Books";"The Count of Monte Cristo";"Books";"Laura Ingalls Wilder"
"2B";"Fantasy";"Scholastic Inc.";"To Kill a Mockingbird";"Books";"Charles Dickens"
"300B";"Play";"Barnes & Noble Classics";"The Island of Doctor Moreau";"Books";"Lucy Maud Montgomery"
"301B";"Drama";"Dover Publications";"The Picture of Dorian Gray";"Books";"Bram Stoker"
"302B";"Play";"Barnes & Noble";"Dracula";"Books";"Charles Dickens"
"303B";"Education";"Mira Books";"The Adventures of Sherlock Holmes";"Books";"Charles Dickens"
"304B";"Teaching";"Cambridge University Press";"The Hound of the Baskervilles";"Books";"Jane Austen"
"305B";"Crafts";"Penguin Books";"The Return of Sherlock Holmes";"Books";"Jane Austen"
"306B";"Jewelry Making";"Vintage";"The Sign of the Four";"Books";"Jane Austen"
"307B";"Non-Fiction";"Buccaneer Books";"The Valley of Fear";"Books";"Jane Austen"
"308B";"Religion";"Scribner";"The Adventures of Tom Sawyer";"Books";"Jane Austen"
"309B";"Non-Fiction";"Clarity Press";"The Adventures of Huckleberry Finn";"Books";"Homer"
"30B";"Travel";"Teacher Created Resources";"Les Misérables";"Books";"Lucy Maud Montgomery"
"310B";"Parenting";"Rowman & Littlefield Publishers";"The Prince and the Pauper";"Books";"Homer"
"311B";"Non-Fiction";"Pearson";"The Call of the Wild";"Books";"Virgil"
"312B";"Education";"Teacher Created Resources";"White Fang";"Books";"Dante Alighieri"
"313B";"Non-Fiction";"Harper Perennial";"The Jungle Book";"Books";"Miguel de Cervantes"
"314B";"Business";"EMC/Paradigm Publishing";"Alice's Adventures in Wonderland";"Books";"John Milton"
"315B";"Non-Fiction";"Teaching Resources";"Through the Looking-Glass";"Books";"Geoffrey Chaucer"
"316B";"Fantasy";"Turtleback Books";"The Wind in the Willows";"Books";"Herman Melville"
"317B";"Fantasy";"Little Brown Book Group";"Peter Pan";"Books";"Mark Twain"
"318B";"Fantasy";"William Morrow";"The Secret Garden";"Books";"Mark Twain"
"319B";"Fantasy";"Atria Books";"Black Beauty";"Books";"Mark Twain"
"31B";"Memoir";"Delacorte Press";"The Three Musketeers";"Books";"Bram Stoker"
"320B";"Fantasy";"Tor Books";"Little House on the Prairie";"Books";"Jack London"
"321B";"Unauthorized Fan Analysis";"Vintage Crime/Black Lizard";"Anne of Green Gables";"Books";"Jack London"
"322B";"Fantasy";"Vintage Crime/Black Lizard";"The Wonderful Wizard of Oz";"Books";"Rudyard Kipling"
"323B";"Science Fiction";"Vintage Crime/Black Lizard";"The War of the Worlds";"Books";"Lewis Carroll"
"324B";"Humor";"Vintage";"Journey to the Center of the Earth";"Books";"Lewis Carroll"
"325B";"Science Fiction";"Picador USA";"Twenty Thousand Leagues Under the Sea";"Books";"Kenneth Grahame"
"326B";"Humor";"Sterling";"The Time Machine";"Books";"J.M. Barrie"
"327B";"Science Fiction";"Puffin";"The Invisible Man";"Books";"Frances Hodgson Burnett"
"328B";"Humor";"New Directions Publishing";"The Strange Case of Dr Jekyll and Mr Hyde";"Books";"Anna Sewell"
"329B";"Science Fiction";"Grove Press";"The Island of Doctor Moreau";"Books";"Laura Ingalls Wilder"
"32B";"Travel";"Cherry Lane Music Company";"The Scarlet Letter";"Books";"Charles Dickens"
"330B";"Humor";"Scholastic Inc.";"The Great Gatsby";"Books";"Lucy Maud Montgomery"
"331B";"Science Fiction";"Scholastic Inc.";"The Grapes of Wrath";"Books";"Bram Stoker"
"332B";"Humor";"Scholastic";"Of Mice and Men";"Books";"Charles Dickens"
"333B";"Non-Fiction";"Scholastic Inc.";"East of Eden";"Books";"Charles Dickens"
"334B";"Science";"Scholastic";"The Old Man and the Sea";"Books";"Jane Austen"
"335B";"Travel";"Nimble Books";"For Whom the Bell Tolls";"Books";"Jane Austen"
"336B";"Memoir";"Scholastic";"A Farewell to Arms";"Books";"Jane Austen"
"337B";"Writing";"Gramercy Books";"The Sun Also Rises";"Books";"Jane Austen"
"338B";"Language";"Del Rey Books";"The Sound and the Fury";"Books";"Jane Austen"
"339B";"Travel";"Crown";"As I Lay Dying";"Books";"Homer"
"33B";"Memoir";"The New Press";"Sense and Sensibility";"Books";"Charles Dickens"
"340B";"Memoir";"Random House Audio";"Light in August";"Books";"Homer"
"341B";"Travel";"Wings Books";"Absalom";"Books";"Virgil"
"342B";"Humor";"Broadway Books";"Absalom!";"Books";"Dante Alighieri"
"343B";"Travel";"Broadway Books";"The Maltese Falcon";"Books";"Miguel de Cervantes"
"344B";"Memoir";"Broadway Books";"The Big Sleep";"Books";"John Milton"
"345B";"Travel";"Broadway Books";"Red Harvest";"Books";"Geoffrey Chaucer"
"346B";"Memoir";"Broadway Books";"Farewell";"Books";"Herman Melville"
"347B";"Travel";"William Morrow Paperbacks";"My Lovely";"Books";"Mark Twain"
"348B";"Memoir";"William Morrow Paperbacks";"The Good Earth";"Books";"Mark Twain"
"349B";"Language";"William Morrow Paperbacks";"Sons";"Books";"Mark Twain"
"34B";"Language";"Changeling Press";"Emma";"Books";"Jane Austen"
"350B";"Non-Fiction";"William Morrow Paperbacks";"The House of Mirth";"Books";"Jack London"
"351B";"Fantasy";"Ballantine Books";"Ethan Frome";"Books";"Jack London"
"352B";"Fantasy";"Houghton Mifflin Harcourt";"The Age of Innocence";"Books";"Rudyard Kipling"
"353B";"Fantasy";"Houghton Mifflin Harcourt";"The Red Badge of Courage";"Books";"Lewis Carroll"
"354B";"Fantasy";"Houghton Mifflin Harcourt";"The Call of the Wild";"Books";"Lewis Carroll"
"355B";"Fantasy";"Houghton Mifflin Harcourt";"The Sea Wolf";"Books";"Kenneth Grahame"
"356B";"Art";"Houghton Mifflin Harcourt";"White Fang";"Books";"J.M. Barrie"
"357B";"Fantasy";"Pragmatic Bookshelf";"Sister Carrie";"Books";"Frances Hodgson Burnett"
"358B";"Art";"Atheneum Books for Young Readers: Richard Jackson Books";"An American Tragedy";"Books";"Anna Sewell"
"359B";"Technology";"Teacher Created Resources";"The Bridge of San Luis Rey";"Books";"Laura Ingalls Wilder"
"35B";"Non-Fiction";"Viking Juvenile";"Mansfield Park";"Books";"Jane Austen"
"360B";"Programming";"Delacorte Press";"Our Town";"Books";"Lucy Maud Montgomery"
"361B";"Young Adult";"Cherry Lane Music Company";"Death of a Salesman";"Books";"Bram Stoker"
"362B";"Adventure";"The New Press";"The Crucible";"Books";"Charles Dickens"
"363B";"Education";"Changeling Press";"A Streetcar Named Desire";"Books";"Charles Dickens"
"364B";"Teaching";"Viking Juvenile";"Cat on a Hot Tin Roof";"Books";"Jane Austen"
"365B";"Biography";"Firebird";"The Glass Menagerie";"Books";"Jane Austen"
"366B";"Memoir";"iUniverse";"A Doll's House";"Books";"Jane Austen"
"367B";"Music";"Shambhala";"Hedda Gabler";"Books";"Jane Austen"
"368B";"Anthology";"Ivy Books";"Ghosts";"Books";"Jane Austen"
"369B";"Literary Criticism";"Amistad";"An Enemy of the People";"Books";"Homer"
"36B";"Fantasy";"Firebird";"Persuasion";"Books";"Jane Austen"
"370B";"Fantasy";"HarperAudio";"The Wild Duck";"Books";"Homer"
"371B";"Romance";"Harper";"Peer Gynt";"Books";"Virgil"
"372B";"Young Adult";"FT Press";"Rosmersholm";"Books";"Dante Alighieri"
"373B";"Fantasy";"Archaia";"The Master Builder";"Books";"Miguel de Cervantes"
"374B";"Fantasy";"Farrar Straus and Giroux";"The Iceman Cometh";"Books";"John Milton"
"375B";"Mystery";"Farrar Straus Giroux";"Long Day's Journey Into Night";"Books";"Geoffrey Chaucer"
"376B";"Horror";"Farrar Straus and Giroux";"Mourning Becomes Electra";"Books";"Herman Melville"
"377B";"Drama";"Farrar Straus and Giroux";"A Raisin in the Sun";"Books";"Mark Twain"
"378B";"Horror";"Farrar Straus and Giroux";"Fences";"Books";"Mark Twain"
"379B";"Historical Fiction";"Farrar Straus and Giroux";"Death of a Salesman";"Books";"Mark Twain"
"37B";"Fantasy";"iUniverse";"The Odyssey";"Books";"Jane Austen"
"380B";"Romance";"Farrar Straus and Giroux";"The Glass Menagerie";"Books";"Jack London"
"381B";"Historical Fiction";"Farrar Straus and Giroux";"A Streetcar Named Desire";"Books";"Jack London"
"382B";"Historical Fiction";"Farrar Straus and Giroux";"Cat on a Hot Tin Roof";"Books";"Rudyard Kipling"
"383B";"Historical Fiction";"Dramatists Play Service";"The Glass Menagerie";"Books";"Lewis Carroll"
"384B";"Non-Fiction";"Vintage";"A Doll's House";"Books";"Lewis Carroll"
"385B";"Finance";"Routledge";"Hedda Gabler";"Books";"Kenneth Grahame"
"386B";"Fantasy";"North Light Books";"Ghosts";"Books";"J.M. Barrie"
"387B";"Graphic Novel";"Chosen Books";"An Enemy of the People";"Books";"Frances Hodgson Burnett"
"388B";"Non-Fiction";"Association for Supervision & Curriculum Development";"The Wild Duck";"Books";"Anna Sewell"
"389B";"Essays";"Kingfisher";"Peer Gynt";"Books";"Laura Ingalls Wilder"
"38B";"Fantasy";"Shambhala";"The Iliad";"Books";"Jane Austen"
"390B";"Non-Fiction";"ASCD";"Rosmersholm";"Books";"Lucy Maud Montgomery"
"391B";"Travel";"Sovereign World";"The Master Builder";"Books";"Bram Stoker"
"392B";"Non-Fiction";"Workman Publishing Company";"The Iceman Cometh";"Books";"Charles Dickens"
"393B";"Medicine";"One Hour Entertainment";"Long Day's Journey Into Night";"Books";"Charles Dickens"
"394B";"Non-Fiction";"North Light Books";"Mourning Becomes Electra";"Books";"Jane Austen"
"395B";"Environment";"Ace Books";"A Raisin in the Sun";"Books";"Jane Austen"
"396B";"Non-Fiction";"Ace Books";"Fences";"Books";"Jane Austen"
"397B";"Geology";"Ace Books";"The Piano Lesson";"Books";"Jane Austen"
"398B";"Non-Fiction";"Tor Books";"Joe Turner's Come and Gone";"Books";"Jane Austen"
"399B";"Travel";"Putnam";"Ma Rainey's Black Bottom";"Books";"Homer"
"39B";"Fantasy";"Ivy Books";"The Aeneid";"Books";"Homer"
"3B";"Fantasy";"Scholastic";"1984";"Books";"Charles Dickens"
"400B";"Non-Fiction";"Tor Science Fiction";"The Color Purple";"Books";"Homer"
"401B";"Essays";"Ace Books";"Their Eyes Were Watching God";"Books";"Virgil"
"402B";"Non-Fiction";"Houghton Mifflin Harcourt";"Beloved";"Books";"Dante Alighieri"
"403B";"Biography";"Ballantine Books";"Song of Solomon";"Books";"Miguel de Cervantes"
"404B";"Drama";"Delacorte Books for Young Readers";"Go Tell It on the Mountain";"Books";"John Milton"
"405B";"Play";"Thomas Nelson";"Giovanni's Room";"Books";"Geoffrey Chaucer"
"406B";"Drama";"Wiley";"Another Country";"Books";"Herman Melville"
"407B";"Play";"Heinemann Drama";"If Beale Street Could Talk";"Books";"Mark Twain"
"408B";"Education";"William Morrow Paperbacks";"The Fire Next Time";"Books";"Mark Twain"
"409B";"Teaching";"Wiley";"The Souls of Black Folk";"Books";"Mark Twain"
"40B";"Fantasy";"Amistad";"The Divine Comedy";"Books";"Homer"
"410B";"Crafts";"McGraw-Hill";"I Know Why the Caged Bird Sings";"Books";"Jack London"
"411B";"Jewelry Making";"Wiley";"Sing";"Books";"Jack London"
"412B";"Non-Fiction";"Wiley";"Unburied";"Books";"Rudyard Kipling"
"413B";"Religion";"Wiley";"Sing";"Books";"Lewis Carroll"
"414B";"Non-Fiction";"Wiley";"Salvage the Bones";"Books";"Lewis Carroll"
"415B";"Parenting";"O'Reilly Media";"The Underground Railroad";"Books";"Kenneth Grahame"
"416B";"Non-Fiction";"Citadel";"The Nickel Boys";"Books";"J.M. Barrie"
"417B";"Education";"Citadel";"The Water Dancer";"Books";"Frances Hodgson Burnett"
"418B";"Non-Fiction";"O'Reilly Media";"The Vanishing Half";"Books";"Anna Sewell"
"419B";"Business";"Penguin Classics";"Homegoing";"Books";"Laura Ingalls Wilder"
"41B";"Art";"HarperAudio";"Don Quixote";"Books";"Virgil"
"420B";"Non-Fiction";"Signet";"Americanah";"Books";"Lucy Maud Montgomery"
"421B";"Fantasy";"Penguin Books";"Purple Hibiscus";"Books";"Bram Stoker"
"422B";"Fantasy";"Cliffs Notes";"Half of a Yellow Sun";"Books";"Charles Dickens"
"423B";"Fantasy";"Barnes & Noble Classics";"Things Fall Apart";"Books";"Charles Dickens"
"424B";"Fantasy";"Dover Publications";"Arrow of God";"Books";"Jane Austen"
"425B";"Fantasy";"Barnes & Noble";"No Longer at Ease";"Books";"Jane Austen"
"426B";"Unauthorized Fan Analysis";"Mira Books";"A Bend in the River";"Books";"Jane Austen"
"427B";"Fantasy";"Cambridge University Press";"In the Castle of My Skin";"Books";"Jane Austen"
"428B";"Science Fiction";"Penguin Books";"Wide Sargasso Sea";"Books";"Jane Austen"
"429B";"Humor";"Vintage";"The Lonely Londoners";"Books";"Homer"
"42B";"Fantasy";"Harper";"Paradise Lost";"Books";"Dante Alighieri"
"430B";"Science Fiction";"Buccaneer Books";"The Brief Wondrous Life of Oscar Wao";"Books";"Homer"
"431B";"Humor";"Scribner";"The Beautiful and Damned";"Books";"Virgil"
"432B";"Science Fiction";"Clarity Press";"The Sun Also Rises";"Books";"Dante Alighieri"
"433B";"Humor";"Rowman & Littlefield Publishers";"The Sound and the Fury";"Books";"Miguel de Cervantes"
"434B";"Science Fiction";"Pearson";"As I Lay Dying";"Books";"John Milton"
"435B";"Humor";"Teacher Created Resources";"Light in August";"Books";"Geoffrey Chaucer"
"436B";"Science Fiction";"Harper Perennial";"Absalom";"Books";"Herman Melville"
"437B";"Humor";"EMC/Paradigm Publishing";"Absalom!";"Books";"Mark Twain"
"438B";"Non-Fiction";"Teaching Resources";"The Maltese Falcon";"Books";"Mark Twain"
"439B";"Science";"Turtleback Books";"The Big Sleep";"Books";"Mark Twain"
"43B";"Art";"FT Press";"The Canterbury Tales";"Books";"Miguel de Cervantes"
"440B";"Travel";"Little Brown Book Group";"Red Harvest";"Books";"Jack London"
"441B";"Memoir";"William Morrow";"Farewell";"Books";"Jack London"
"442B";"Writing";"Atria Books";"My Lovely";"Books";"Rudyard Kipling"
"443B";"Language";"Tor Books";"The Good Earth";"Books";"Lewis Carroll"
"444B";"Travel";"Vintage Crime/Black Lizard";"Sons";"Books";"Lewis Carroll"
"445B";"Memoir";"Vintage Crime/Black Lizard";"The House of Mirth";"Books";"Kenneth Grahame"
"446B";"Travel";"Vintage Crime/Black Lizard";"Ethan Frome";"Books";"J.M. Barrie"
"447B";"Humor";"Vintage";"The Age of Innocence";"Books";"Frances Hodgson Burnett"
"448B";"Travel";"Picador USA";"The Red Badge of Courage";"Books";"Anna Sewell"
"449B";"Memoir";"Sterling";"The Call of the Wild";"Books";"Laura Ingalls Wilder"
"44B";"Technology";"Archaia";"Moby Dick";"Books";"John Milton"
"450B";"Travel";"Puffin";"The Sea Wolf";"Books";"Lucy Maud Montgomery"
"451B";"Memoir";"New Directions Publishing";"White Fang";"Books";"Bram Stoker"
"452B";"Travel";"Grove Press";"Sister Carrie";"Books";"Charles Dickens"
"453B";"Memoir";"Grove Press";"An American Tragedy";"Books";"Charles Dickens"
"454B";"Language";"Grove Press";"The Bridge of San Luis Rey";"Books";"Jane Austen"
"455B";"Non-Fiction";"Grove Press";"Our Town";"Books";"Jane Austen"
"456B";"Fantasy";"Grove Press";"Death of a Salesman";"Books";"Jane Austen"
"457B";"Fantasy";"New Directions";"The Crucible";"Books";"Jane Austen"
"458B";"Fantasy";"Penguin Classics";"A Streetcar Named Desire";"Books";"Jane Austen"
"459B";"Fantasy";"Barnes Noble Classics";"Cat on a Hot Tin Roof";"Books";"Homer"
"45B";"Programming";"Farrar Straus and Giroux";"The Old Man and the Sea";"Books";"Geoffrey Chaucer"
"460B";"Fantasy";"Brookline Books";"The Glass Menagerie";"Books";"Homer"
"461B";"Art";"The New Press";"A Doll's House";"Books";"Virgil"
"462B";"Fantasy";"Pantheon";"Hedda Gabler";"Books";"Dante Alighieri"
"463B";"Art";"One World (UK)";"Ghosts";"Books";"Miguel de Cervantes"
"464B";"Technology";"Interlink Publishing Group";"An Enemy of the People";"Books";"John Milton"
"465B";"Programming";"Penguin Books";"The Wild Duck";"Books";"Geoffrey Chaucer"
"466B";"Young Adult";"Knopf";"Peer Gynt";"Books";"Herman Melville"
"467B";"Adventure";"Citadel";"Rosmersholm";"Books";"Mark Twain"
"468B";"Education";"Knopf";"The Master Builder";"Books";"Mark Twain"
"469B";"Teaching";"Kingfisher";"The Iceman Cometh";"Books";"Mark Twain"
"46B";"Young Adult";"Farrar Straus Giroux";"Lord of the Flies";"Books";"Herman Melville"
"470B";"Biography";"Sterling Children's Books";"Long Day's Journey Into Night";"Books";"Jack London"
"471B";"Memoir";"Simon & Schuster";"Mourning Becomes Electra";"Books";"Jack London"
"472B";"Music";"Atheneum Books for Young Readers";"A Raisin in the Sun";"Books";"Rudyard Kipling"
"473B";"Anthology";"Gramercy Books";"Fences";"Books";"Lewis Carroll"
"474B";"Literary Criticism";"Abdo Publishing Company";"The Piano Lesson";"Books";"Lewis Carroll"
"475B";"Fantasy";"Black Classic Press";"Joe Turner's Come and Gone";"Books";"Kenneth Grahame"
"476B";"Romance";"French & European";"Ma Rainey's Black Bottom";"Books";"J.M. Barrie"
"477B";"Young Adult";"Random House Books for Young Readers";"The Color Purple";"Books";"Frances Hodgson Burnett"
"478B";"Fantasy";"Zebra";"Their Eyes Were Watching God";"Books";"Anna Sewell"
"479B";"Fantasy";"Greenwillow Books";"Beloved";"Books";"Laura Ingalls Wilder"
"47B";"Adventure";"Farrar Straus and Giroux";"Catch-22";"Books";"Mark Twain"
"480B";"Mystery";"Booket";"Song of Solomon";"Books";"Lucy Maud Montgomery"
"481B";"Horror";"Del Rey";"Go Tell It on the Mountain";"Books";"Bram Stoker"
"482B";"Drama";"Ace";"Giovanni's Room";"Books";"Charles Dickens"
"483B";"Horror";"Ace Books";"Another Country";"Books";"Charles Dickens"
"484B";"Historical Fiction";"Del Rey";"If Beale Street Could Talk";"Books";"Jane Austen"
"485B";"Romance";"Tor Books";"The Fire Next Time";"Books";"Jane Austen"
"486B";"Historical Fiction";"Pocket Books";"The Souls of Black Folk";"Books";"Jane Austen"
"487B";"Historical Fiction";"Del Rey";"I Know Why the Caged Bird Sings";"Books";"Jane Austen"
"488B";"Historical Fiction";"Del Rey";"Sing";"Books";"Jane Austen"
"489B";"Non-Fiction";"Ballantine Books";"Unburied";"Books";"Homer"
"48B";"Education";"Farrar Straus and Giroux";"One Flew Over the Cuckoo's Nest";"Books";"Mark Twain"
"490B";"Finance";"Turtleback Books";"Sing";"Books";"Homer"
"491B";"Fantasy";"Samuel French Inc.";"Salvage the Bones";"Books";"Virgil"
"492B";"Graphic Novel";"Princeton University Press";"The Underground Railroad";"Books";"Dante Alighieri"
"493B";"Non-Fiction";"W. W. Norton & Company";"The Nickel Boys";"Books";"Miguel de Cervantes"
"494B";"Essays";"Simon & Schuster";"The Water Dancer";"Books";"John Milton"
"495B";"Non-Fiction";"HMH Books for Young Readers";"The Vanishing Half";"Books";"Geoffrey Chaucer"
"496B";"Travel";"Scribner";"Homegoing";"Books";"Herman Melville"
"497B";"Non-Fiction";"Penguin";"Americanah";"Books";"Mark Twain"
"498B";"Medicine";"Penguin Books";"Purple Hibiscus";"Books";"Mark Twain"
"499B";"Non-Fiction";"Vintage Contemporaries";"Half of a Yellow Sun";"Books";"Mark Twain"
"49B";"Teaching";"Farrar Straus and Giroux";"Slaughterhouse-Five";"Books";"Mark Twain"
"4B";"Fantasy";"Scholastic Inc.";"Pride and Prejudice";"Books";"Jane Austen"
"500B";"Environment";"Scribner";"Things Fall Apart";"Books";"Jack London"
"501B";"Non-Fiction";"Penguin Books";"Arrow of God";"Books";"Jack London"
"502B";"Geology";"Vintage";"No Longer at Ease";"Books";"Rudyard Kipling"
"503B";"Non-Fiction";"Penguin Press";"A Bend in the River";"Books";"Lewis Carroll"
"504B";"Travel";"Harper Perennial Modern Classics";"In the Castle of My Skin";"Books";"Lewis Carroll"
"505B";"Non-Fiction";"Harper Perennial";"Wide Sargasso Sea";"Books";"Kenneth Grahame"
"506B";"Essays";"Penguin Books";"The Lonely Londoners";"Books";"J.M. Barrie"
"507B";"Non-Fiction";"Picador USA";"The Brief Wondrous Life of Oscar Wao";"Books";"Frances Hodgson Burnett"
"508B";"Biography";"Penguin Classics";"The Beautiful and Damned";"Books";"Anna Sewell"
"509B";"Drama";"Penguin Books";"Neverwhere";"Books";"Laura Ingalls Wilder"
"50B";"Biography";"Farrar Straus and Giroux";"The Grapes of Wrath";"Books";"Jack London"
"510B";"Play";"Penguin Books";"Stardust";"Books";"Lucy Maud Montgomery"
"511B";"Drama";"Sun and Moon Press";"American Gods";"Books";"Bram Stoker"
"512B";"Play";"Sky Books (NY)";"Good Omens";"Books";"Charles Dickens"
"513B";"Education";"Picador";"Coraline";"Books";"Charles Dickens"
"514B";"Teaching";"Penguin Books";"The Graveyard Book";"Books";"Jane Austen"
"515B";"Crafts";"Penguin Books";"Anansi Boys";"Books";"Jane Austen"
"516B";"Jewelry Making";"Henry Holt & Company";"The Ocean at the End of the Lane";"Books";"Jane Austen"
"517B";"Non-Fiction";"Penguin Books";"Norse Mythology";"Books";"Jane Austen"
"518B";"Religion";"New Directions";"Smoke and Mirrors";"Books";"Jane Austen"
"519B";"Non-Fiction";"Actes Sud";"Never Let Me Go";"Books";"Homer"
"51B";"Memoir";"Farrar Straus and Giroux";"The Chronicles of Narnia";"Books";"Jack London"
"520B";"Parenting";"Penguin Books Ltd. (London)";"The Remains of the Day";"Books";"Homer"
"521B";"Non-Fiction";"Business Plus";"Kazuo Ishiguro";"Books";"Virgil"
"522B";"Education";"Cambridge University Press";"The Buried Giant";"Books";"Dante Alighieri"
"523B";"Non-Fiction";"Simon Schuster";"An Artist of the Floating World";"Books";"Miguel de Cervantes"
"524B";"Business";"Ballantine Books";"The Unconsoled";"Books";"John Milton"
"525B";"Non-Fiction";"W. W. Norton Company";"When We Were Orphans";"Books";"Geoffrey Chaucer"
"526B";"Fantasy";"Filiquarian Publishing LLC.";"Never Let Me Go";"Books";"Herman Melville"
"527B";"Fantasy";"Citadel";"The Silent Cry";"Books";"Mark Twain"
"528B";"Fantasy";"Lerner Publications";"The Wind-Up Bird Chronicle";"Books";"Mark Twain"
"529B";"Fantasy";"Adventures Unlimited Press";"Norwegian Wood";"Books";"Mark Twain"
"52B";"Music";"Farrar Straus and Giroux";"The Harry Potter series";"Books";"Rudyard Kipling"
"530B";"Fantasy";"Harlequin Blaze";"Kafka on the Shore";"Books";"Jack London"
"531B";"Unauthorized Fan Analysis";"Pragmatic Bookshelf";"1Q84";"Books";"Jack London"
"532B";"Fantasy";"Cliffs Notes";"Colorless Tsukuru Tazaki and His Years of Pilgrimage";"Books";"Rudyard Kipling"
"533B";"Science Fiction";"Listening Library (Audio)";"What I Talk About When I Talk About Running";"Books";"Lewis Carroll"
"534B";"Humor";"Random House";"After Dark";"Books";"Lewis Carroll"
"535B";"Science Fiction";"HarperCollins Publishers";"Sputnik Sweetheart";"Books";"Kenneth Grahame"
"536B";"Humor";"Picador";"Hard-Boiled Wonderland and the End of the World";"Books";"J.M. Barrie"
"537B";"Science Fiction";"Large Print Press";"The Elephant Vanishes";"Books";"Frances Hodgson Burnett"
"538B";"Humor";"Ballantine Books";"Dance Dance Dance";"Books";"Anna Sewell"
"539B";"Science Fiction";"Peachpit Press";"South of the Border";"Books";"Laura Ingalls Wilder"
"53B";"Anthology";"Farrar Straus and Giroux";"The Hunger Games series";"Books";"Lewis Carroll"
"540B";"Humor";"Peachpit Press";"West of the Sun";"Books";"Lucy Maud Montgomery"
"541B";"Science Fiction";"Taschen";"Hear the Wind Sing";"Books";"Bram Stoker"
"542B";"Humor";"Scribner";"Pinball";"Books";"Charles Dickens"
"543B";"Non-Fiction";"Scribner";"1973";"Books";"Charles Dickens"
"544B";"Science";"Bantam";"Underground";"Books";"Jane Austen"
"545B";"Travel";"HarperTorch";"Norwegian Wood";"Books";"Jane Austen"
"546B";"Memoir";"Walker & Company";"The Catcher in the Rye";"Books";"Jane Austen"
"547B";"Writing";"William Morrow Paperbacks";"Franny and Zooey";"Books";"Jane Austen"
"548B";"Language";"Haynes Manuals N. America Inc.";"Nine Stories";"Books";"Jane Austen"
"549B";"Travel";"Rockport Publishers";"Raise High the Roof Beam";"Books";"Homer"
"54B";"Literary Criticism";"Dramatists Play Service";"The Twilight series";"Books";"Lewis Carroll"
"550B";"Memoir";"Signet Classics";"Carpenters and Seymour: An Introduction";"Books";"Homer"
"551B";"Travel";"Oxford University Press";"The Catcher in the Rye";"Books";"Virgil"
"552B";"Humor";"Dover Publications";"Franny and Zooey";"Books";"Dante Alighieri"
"553B";"Travel";"Plume";"Nine Stories";"Books";"Miguel de Cervantes"
"554B";"Memoir";"Signet Book";"Raise High the Roof Beam";"Books";"John Milton"
"555B";"Travel";"Dutton";"Carpenters and Seymour: An Introduction";"Books";"Geoffrey Chaucer"
"556B";"Memoir";"Signet";"The Catcher in the Rye";"Books";"Herman Melville"
"557B";"Travel";"NAL";"Franny and Zooey";"Books";"Mark Twain"
"558B";"Memoir";"Signet";"Nine Stories";"Books";"Mark Twain"
"559B";"Language";"Signet";"Raise High the Roof Beam";"Books";"Mark Twain"
"55B";"Fantasy";"Vintage";"The Girl with the Dragon Tattoo";"Books";"Kenneth Grahame"
"560B";"Non-Fiction";"NAL";"Carpenters and Seymour: An Introduction";"Books";"Jack London"
"561B";"Fantasy";"For Dummies";"A Farewell to Arms";"Books";"Jack London"
"562B";"Fantasy";"Delacorte Press";"For Whom the Bell Tolls";"Books";"Rudyard Kipling"
"563B";"Fantasy";"Random House Trade Paperbacks";"The Old Man and the Sea";"Books";"Lewis Carroll"
"564B";"Fantasy";"Lyons Press";"The Sun Also Rises";"Books";"Lewis Carroll"
"565B";"Fantasy";"Alliance Publishing";"A Moveable Feast";"Books";"Kenneth Grahame"
"566B";"Art";"Farrar Straus Giroux";"To Have and Have Not";"Books";"J.M. Barrie"
"567B";"Fantasy";"Alfred A. Knopf";"Death in the Afternoon";"Books";"Frances Hodgson Burnett"
"568B";"Art";"Bedford Books";"Fiesta: The Sun Also Rises";"Books";"Anna Sewell"
"569B";"Technology";"Oxford University Press USA";"The Garden of Eden";"Books";"Laura Ingalls Wilder"
"56B";"Romance";"Routledge";"The Da Vinci Code";"Books";"J.M. Barrie"
"570B";"Programming";"Vintage International";"True at First Light";"Books";"Lucy Maud Montgomery"
"571B";"Young Adult";"Vintage";"Green Hills of Africa";"Books";"Bram Stoker"
"572B";"Adventure";"Farrar Straus Giroux";"In Our Time";"Books";"Charles Dickens"
"573B";"Education";"Vintage International";"Men Without Women";"Books";"Charles Dickens"
"574B";"Teaching";"Everyman's Library";"Across the River and Into the Trees";"Books";"Jane Austen"
"575B";"Biography";"Farrar Straus and Giroux";"Islands in the Stream";"Books";"Jane Austen"
"576B";"Memoir";"Penguin Classics";"The Complete Short Stories";"Books";"Jane Austen"
"577B";"Music";"Penguin Books";"The Snows of Kilimanjaro";"Books";"Jane Austen"
"578B";"Anthology";"Penguin Books";"The Nick Adams Stories";"Books";"Jane Austen"
"579B";"Literary Criticism";"Sun and Moon Press";"Under Kilimanjaro";"Books";"Homer"
"57B";"Young Adult";"North Light Books";"Angels and Demons";"Books";"Frances Hodgson Burnett"
"580B";"Fantasy";"Sky Books (NY)";"To Have and Have Not";"Books";"Homer"
"581B";"Romance";"Picador";"Death in the Afternoon";"Books";"Virgil"
"582B";"Young Adult";"Penguin Books";"Fiesta: The Sun Also Rises";"Books";"Dante Alighieri"
"583B";"Fantasy";"Penguin Books";"The Garden of Eden";"Books";"Miguel de Cervantes"
"584B";"Fantasy";"Henry Holt & Company";"True at First Light";"Books";"John Milton"
"585B";"Mystery";"Penguin Books";"Green Hills of Africa";"Books";"Geoffrey Chaucer"
"586B";"Horror";"New Directions";"In Our Time";"Books";"Herman Melville"
"587B";"Drama";"Actes Sud";"Men Without Women";"Books";"Mark Twain"
"588B";"Horror";"Penguin Books Ltd. (London)";"Across the River and Into the Trees";"Books";"Mark Twain"
"589B";"Historical Fiction";"Dramatists Play Service";"Islands in the Stream";"Books";"Mark Twain"
"58B";"Fantasy";"Chosen Books";"The Alchemist";"Books";"Anna Sewell"
"590B";"Romance";"Vintage";"The Complete Short Stories";"Books";"Jack London"
"591B";"Historical Fiction";"Routledge";"The Snows of Kilimanjaro";"Books";"Jack London"
"592B";"Historical Fiction";"North Light Books";"The Nick Adams Stories";"Books";"Rudyard Kipling"
"593B";"Historical Fiction";"Chosen Books";"Under Kilimanjaro";"Books";"Lewis Carroll"
"594B";"Non-Fiction";"Association for Supervision & Curriculum Development";"Winesburg";"Books";"Lewis Carroll"
"595B";"Finance";"Kingfisher";"Ohio";"Books";"Kenneth Grahame"
"596B";"Fantasy";"ASCD";"The Triumph of the Egg";"Books";"J.M. Barrie"
"597B";"Graphic Novel";"Sovereign World";"Horses and Men";"Books";"Frances Hodgson Burnett"
"598B";"Non-Fiction";"Workman Publishing Company";"Dark Laughter";"Books";"Anna Sewell"
"599B";"Essays";"One Hour Entertainment";"Tar: A Midwest Childhood";"Books";"Laura Ingalls Wilder"
"59B";"Fantasy";"Association for Supervision & Curriculum Development";"The Fault in Our Stars";"Books";"Laura Ingalls Wilder"
"5B";"Fantasy";"Scholastic";"The Catcher in the Rye";"Books";"Jane Austen"
"600B";"Non-Fiction";"North Light Books";"Moby-Dick";"Books";"Lucy Maud Montgomery"
"601B";"Travel";"Ace Books";"Bartleby";"Books";"Bram Stoker"
"602B";"Non-Fiction";"Ace Books";"the Scrivener";"Books";"Charles Dickens"
"603B";"Medicine";"Ace Books";"Benito Cereno";"Books";"Charles Dickens"
"604B";"Non-Fiction";"Tor Books";"Billy Budd";"Books";"Jane Austen"
"605B";"Environment";"Putnam";"Sailor";"Books";"Jane Austen"
"606B";"Non-Fiction";"Tor Science Fiction";"Typee";"Books";"Jane Austen"
"607B";"Geology";"Ace Books";"Redburn";"Books";"Jane Austen"
"608B";"Non-Fiction";"Houghton Mifflin Harcourt";"White-Jacket";"Books";"Jane Austen"
"609B";"Travel";"Ballantine Books";"Pierre";"Books";"Homer"
"60B";"Mystery";"Kingfisher";"The Girl on the Train";"Books";"Lucy Maud Montgomery"
"610B";"Non-Fiction";"Delacorte Books for Young Readers";"The Confidence-Man";"Books";"Homer"
"611B";"Essays";"Thomas Nelson";"Israel Potter";"Books";"Virgil"
"612B";"Non-Fiction";"Wiley";"The Piazza Tales";"Books";"Dante Alighieri"
"613B";"Biography";"Heinemann Drama";"Battle-Pieces and Aspects of the War";"Books";"Miguel de Cervantes"
"614B";"Drama";"William Morrow Paperbacks";"John Brown";"Books";"John Milton"
"615B";"Play";"Wiley";"The Whale";"Books";"Geoffrey Chaucer"
"616B";"Drama";"McGraw-Hill";"The Lightning-Rod Man";"Books";"Herman Melville"
"617B";"Play";"Wiley";"The Encantadas";"Books";"Mark Twain"
"618B";"Education";"Wiley";"The Bell-Tower";"Books";"Mark Twain"
"619B";"Teaching";"Wiley";"Cock-A-Doodle-Doo!";"Books";"Mark Twain"
"61B";"Horror";"ASCD";"The Help";"Books";"Bram Stoker"
"620B";"Crafts";"Wiley";"Poor Man's Pudding and Rich Man's Crumbs";"Books";"Jack London"
"621B";"Jewelry Making";"O'Reilly Media";"Israel Potter";"Books";"Jack London"
"622B";"Non-Fiction";"Citadel";"The Piazza Tales";"Books";"Rudyard Kipling"
"623B";"Religion";"Citadel";"Battle-Pieces and Aspects of the War";"Books";"Lewis Carroll"
"624B";"Non-Fiction";"O'Reilly Media";"John Brown";"Books";"Lewis Carroll"
"625B";"Parenting";"Penguin Classics";"The Whale";"Books";"Kenneth Grahame"
"626B";"Non-Fiction";"Signet";"The Lightning-Rod Man";"Books";"J.M. Barrie"
"627B";"Education";"Penguin Books";"The Encantadas";"Books";"Frances Hodgson Burnett"
"628B";"Non-Fiction";"Cliffs Notes";"The Bell-Tower";"Books";"Anna Sewell"
"629B";"Business";"Barnes & Noble Classics";"Cock-A-Doodle-Doo!";"Books";"Laura Ingalls Wilder"
"62B";"Drama";"Sovereign World";"The Kite Runner";"Books";"Charles Dickens"
"630B";"Non-Fiction";"Dover Publications";"Poor Man's Pudding and Rich Man's Crumbs";"Books";"Lucy Maud Montgomery"
"631B";"Fantasy";"Barnes & Noble";"The Tell-Tale Heart";"Books";"Bram Stoker"
"632B";"Fantasy";"Mira Books";"The Fall of the House of Usher";"Books";"Charles Dickens"
"633B";"Fantasy";"Cambridge University Press";"The Murders in the Rue Morgue";"Books";"Charles Dickens"
"634B";"Fantasy";"Penguin Books";"The Pit and the Pendulum";"Books";"Jane Austen"
"635B";"Fantasy";"Vintage";"The Masque of the Red Death";"Books";"Jane Austen"
"636B";"Unauthorized Fan Analysis";"Buccaneer Books";"The Cask of Amontillado";"Books";"Jane Austen"
"637B";"Fantasy";"Scribner";"The Tell-Tale Heart";"Books";"Jane Austen"
"638B";"Science Fiction";"Clarity Press";"The Fall of the House of Usher";"Books";"Jane Austen"
"639B";"Humor";"Rowman & Littlefield Publishers";"The Murders in the Rue Morgue";"Books";"Homer"
"63B";"Horror";"Workman Publishing Company";"A Thousand Splendid Suns";"Books";"Charles Dickens"
"640B";"Science Fiction";"Pearson";"The Pit and the Pendulum";"Books";"Homer"
"641B";"Humor";"Teacher Created Resources";"The Masque of the Red Death";"Books";"Virgil"
"642B";"Science Fiction";"Harper Perennial";"The Cask of Amontillado";"Books";"Dante Alighieri"
"643B";"Humor";"EMC/Paradigm Publishing";"The Tell-Tale Heart";"Books";"Miguel de Cervantes"
"644B";"Science Fiction";"Teaching Resources";"The Fall of the House of Usher";"Books";"John Milton"
"645B";"Humor";"Turtleback Books";"The Murders in the Rue Morgue";"Books";"Geoffrey Chaucer"
"646B";"Science Fiction";"Little Brown Book Group";"The Pit and the Pendulum";"Books";"Herman Melville"
"647B";"Humor";"William Morrow";"The Masque of the Red Death";"Books";"Mark Twain"
"648B";"Non-Fiction";"Atria Books";"The Cask of Amontillado";"Books";"Mark Twain"
"649B";"Science";"Tor Books";"The Tell-Tale Heart";"Books";"Mark Twain"
"64B";"Historical Fiction";"One Hour Entertainment";"Gone with the Wind";"Books";"Jane Austen"
"650B";"Travel";"Vintage Crime/Black Lizard";"The Fall of the House of Usher";"Books";"Jack London"
"651B";"Memoir";"Vintage Crime/Black Lizard";"The Murders in the Rue Morgue";"Books";"Jack London"
"652B";"Writing";"Vintage Crime/Black Lizard";"The Pit and the Pendulum";"Books";"Rudyard Kipling"
"653B";"Language";"Vintage";"The Masque of the Red Death";"Books";"Lewis Carroll"
"654B";"Travel";"Picador USA";"The Cask of Amontillado";"Books";"Lewis Carroll"
"655B";"Memoir";"Sterling";"The Lord of the Rings";"Books";"Kenneth Grahame"
"656B";"Travel";"Puffin";"The Hobbit";"Books";"J.M. Barrie"
"657B";"Humor";"New Directions Publishing";"The Silmarillion";"Books";"Frances Hodgson Burnett"
"658B";"Travel";"Grove Press";"The Children of Húrin";"Books";"Anna Sewell"
"659B";"Memoir";"Scholastic Inc.";"The Fall of Gondolin";"Books";"Laura Ingalls Wilder"
"65B";"Romance";"North Light Books";"The Shining";"Books";"Jane Austen"
"660B";"Travel";"Scholastic Inc.";"Unfinished Tales";"Books";"Lucy Maud Montgomery"
"661B";"Memoir";"Scholastic";"The Letters of J.R.R. Tolkien";"Books";"Bram Stoker"
"662B";"Travel";"Scholastic Inc.";"The Book of Lost Tales";"Books";"Charles Dickens"
"663B";"Memoir";"Scholastic";"The Lays of Beleriand";"Books";"Charles Dickens"
"664B";"Language";"Nimble Books";"The Shaping of Middle-earth";"Books";"Jane Austen"
"665B";"Non-Fiction";"Scholastic";"The Lost Road and Other Writings";"Books";"Jane Austen"
"666B";"Fantasy";"Gramercy Books";"Morgoth's Ring";"Books";"Jane Austen"
"667B";"Fantasy";"Del Rey Books";"The War of the Jewels";"Books";"Jane Austen"
"668B";"Fantasy";"Crown";"The Peoples of Middle-earth";"Books";"Jane Austen"
"669B";"Fantasy";"Random House Audio";"Beren and Lúthien";"Books";"Homer"
"66B";"Historical Fiction";"Ace Books";"It";"Books";"Jane Austen"
"670B";"Fantasy";"Wings Books";"The Adventures of Tom Bombadil";"Books";"Homer"
"671B";"Art";"Broadway Books";"The Road Goes Ever On";"Books";"Virgil"
"672B";"Fantasy";"Broadway Books";"The Homecoming of Beorhtnoth Beorhthelm's Son";"Books";"Dante Alighieri"
"673B";"Art";"Broadway Books";"Farmer Giles of Ham";"Books";"Miguel de Cervantes"
"674B";"Technology";"Broadway Books";"Smith of Wootton Major";"Books";"John Milton"
"675B";"Programming";"Broadway Books";"Leaf by Niggle";"Books";"Geoffrey Chaucer"
"676B";"Young Adult";"William Morrow Paperbacks";"Roverandom";"Books";"Herman Melville"
"677B";"Adventure";"William Morrow Paperbacks";"The Father Christmas Letters";"Books";"Mark Twain"
"678B";"Education";"William Morrow Paperbacks";"Tales from the Perilous Realm";"Books";"Mark Twain"
"679B";"Teaching";"William Morrow Paperbacks";"The Annotated Hobbit";"Books";"Mark Twain"
"67B";"Historical Fiction";"Ace Books";"The Stand";"Books";"Jane Austen"
"680B";"Biography";"Ballantine Books";"The History of The Hobbit";"Books";"Jack London"
"681B";"Memoir";"Houghton Mifflin Harcourt";"J.R.R. Tolkien: Author of the Century";"Books";"Jack London"
"682B";"Music";"Houghton Mifflin Harcourt";"The Tolkien Reader";"Books";"Rudyard Kipling"
"683B";"Anthology";"Houghton Mifflin Harcourt";"Poems and Stories";"Books";"Lewis Carroll"
"684B";"Literary Criticism";"Houghton Mifflin Harcourt";"The Book of Lost Tales";"Books";"Lewis Carroll"
"685B";"Fantasy";"Houghton Mifflin Harcourt";"The Lays of Beleriand";"Books";"Kenneth Grahame"
"686B";"Romance";"Pragmatic Bookshelf";"The Shaping of Middle-earth";"Books";"J.M. Barrie"
"687B";"Young Adult";"Atheneum Books for Young Readers: Richard Jackson Books";"The Lost Road and Other Writings";"Books";"Frances Hodgson Burnett"
"688B";"Fantasy";"Teacher Created Resources";"Morgoth's Ring";"Books";"Anna Sewell"
"689B";"Fantasy";"Delacorte Press";"The War of the Jewels";"Books";"Laura Ingalls Wilder"
"68B";"Historical Fiction";"Ace Books";"The Silence of the Lambs";"Books";"Jane Austen"
"690B";"Mystery";"Cherry Lane Music Company";"The Peoples of Middle-earth";"Books";"Lucy Maud Montgomery"
"691B";"Horror";"The New Press";"Beren and Lúthien";"Books";"Bram Stoker"
"692B";"Drama";"Changeling Press";"The Adventures of Tom Bombadil";"Books";"Charles Dickens"
"693B";"Horror";"Viking Juvenile";"The Road Goes Ever On";"Books";"Charles Dickens"
"694B";"Historical Fiction";"Firebird";"The Homecoming of Beorhtnoth Beorhthelm's Son";"Books";"Jane Austen"
"695B";"Romance";"iUniverse";"Farmer Giles of Ham";"Books";"Jane Austen"
"696B";"Historical Fiction";"Shambhala";"Smith of Wootton Major";"Books";"Jane Austen"
"697B";"Historical Fiction";"Ivy Books";"Leaf by Niggle";"Books";"Jane Austen"
"698B";"Historical Fiction";"Amistad";"Roverandom";"Books";"Jane Austen"
"699B";"Non-Fiction";"HarperAudio";"The Father Christmas Letters";"Books";"Homer"
"69B";"Non-Fiction";"Tor Books";"Jurassic Park";"Books";"Homer"
"6B";"Unauthorized Fan Analysis";"Nimble Books";"Animal Farm";"Books";"Jane Austen"
"700B";"Finance";"Harper";"Tales from the Perilous Realm";"Books";"Homer"
"701B";"Fantasy";"FT Press";"The Annotated Hobbit";"Books";"Virgil"
"702B";"Graphic Novel";"Archaia";"The History of The Hobbit";"Books";"Dante Alighieri"
"703B";"Non-Fiction";"Farrar Straus and Giroux";"J.R.R. Tolkien: Author of the Century";"Books";"Miguel de Cervantes"
"704B";"Essays";"Farrar Straus Giroux";"The Tolkien Reader";"Books";"John Milton"
"705B";"Non-Fiction";"Farrar Straus and Giroux";"Poems and Stories";"Books";"Geoffrey Chaucer"
"706B";"Travel";"Farrar Straus and Giroux";"Great Expectations";"Books";"Herman Melville"
"707B";"Non-Fiction";"Farrar Straus and Giroux";"A Tale of Two Cities";"Books";"Mark Twain"
"708B";"Medicine";"Farrar Straus and Giroux";"Oliver Twist";"Books";"Mark Twain"
"709B";"Non-Fiction";"Farrar Straus and Giroux";"David Copperfield";"Books";"Mark Twain"
"70B";"Finance";"Putnam";"The Shadow of the Wind";"Books";"Homer"
"710B";"Environment";"Farrar Straus and Giroux";"Bleak House";"Books";"Jack London"
"711B";"Non-Fiction";"Farrar Straus and Giroux";"Little Dorrit";"Books";"Jack London"
"712B";"Geology";"Dramatists Play Service";"A Christmas Carol";"Books";"Rudyard Kipling"
"713B";"Non-Fiction";"Vintage";"Hard Times";"Books";"Lewis Carroll"
"714B";"Travel";"Routledge";"The Pickwick Papers";"Books";"Lewis Carroll"
"715B";"Non-Fiction";"North Light Books";"Nicholas Nickleby";"Books";"Kenneth Grahame"
"716B";"Essays";"Chosen Books";"Martin Chuzzlewit";"Books";"J.M. Barrie"
"717B";"Non-Fiction";"Association for Supervision & Curriculum Development";"Dombey and Son";"Books";"Frances Hodgson Burnett"
"718B";"Biography";"Kingfisher";"Our Mutual Friend";"Books";"Anna Sewell"
"719B";"Drama";"ASCD";"The Mystery of Edwin Drood";"Books";"Laura Ingalls Wilder"
"71B";"Fantasy";"Tor Science Fiction";"The Name of the Wind";"Books";"Virgil"
"720B";"Play";"Sovereign World";"Barnaby Rudge";"Books";"Lucy Maud Montgomery"
"721B";"Drama";"Workman Publishing Company";"The Old Curiosity Shop";"Books";"Bram Stoker"
"722B";"Play";"One Hour Entertainment";"Sketches by Boz";"Books";"Charles Dickens"
"723B";"Education";"North Light Books";"American Notes";"Books";"Charles Dickens"
"724B";"Teaching";"Ace Books";"Pictures from Italy";"Books";"Jane Austen"
"725B";"Crafts";"Ace Books";"A Child's History of England";"Books";"Jane Austen"
"726B";"Jewelry Making";"Ace Books";"The Chimes";"Books";"Jane Austen"
"727B";"Non-Fiction";"Tor Books";"The Cricket on the Hearth";"Books";"Jane Austen"
"728B";"Religion";"Putnam";"The Battle of Life";"Books";"Jane Austen"
"729B";"Non-Fiction";"Tor Science Fiction";"The Haunted Man and the Ghost's Bargain";"Books";"Homer"
"72B";"Graphic Novel";"Ace Books";"The Maze Runner";"Books";"Dante Alighieri"
"730B";"Parenting";"Ace Books";"A Child's Dream of a Star";"Books";"Homer"
"731B";"Non-Fiction";"Houghton Mifflin Harcourt";"A Christmas Tree";"Books";"Virgil"
"732B";"Education";"Ballantine Books";"Hunted Down";"Books";"Dante Alighieri"
"733B";"Non-Fiction";"Delacorte Books for Young Readers";"The Signal-Man";"Books";"Miguel de Cervantes"
"734B";"Business";"Thomas Nelson";"George Silverman's Explanation";"Books";"John Milton"
"735B";"Non-Fiction";"Wiley";"The Seven Poor Travellers";"Books";"Geoffrey Chaucer"
"736B";"Fantasy";"Heinemann Drama";"The Holly-Tree Inn";"Books";"Herman Melville"
"737B";"Fantasy";"William Morrow Paperbacks";"No Thoroughfare";"Books";"Mark Twain"
"738B";"Fantasy";"Wiley";"The Lazy Tour of Two Idle Apprentices";"Books";"Mark Twain"
"739B";"Fantasy";"McGraw-Hill";"Tom Tiddler's Ground";"Books";"Mark Twain"
"73B";"Non-Fiction";"Houghton Mifflin Harcourt";"The Martian";"Books";"Miguel de Cervantes"
"740B";"Fantasy";"Wiley";"To Be Read at Dusk";"Books";"Jack London"
"741B";"Unauthorized Fan Analysis";"Wiley";"The Trial for Murder";"Books";"Jack London"
"742B";"Fantasy";"Wiley";"Dickens's Dictionary of London";"Books";"Rudyard Kipling"
"743B";"Science Fiction";"Wiley";"Sunday Under Three Heads";"Books";"Lewis Carroll"
"744B";"Humor";"O'Reilly Media";"Memoirs of Joseph Grimaldi";"Books";"Lewis Carroll"
"745B";"Science Fiction";"Citadel";"Sketches of Young Couples";"Books";"Kenneth Grahame"
"746B";"Humor";"Citadel";"Sketches of Young Gentlemen";"Books";"J.M. Barrie"
"747B";"Science Fiction";"O'Reilly Media";"Mrs. Lirriper's Lodgings";"Books";"Frances Hodgson Burnett"
"748B";"Humor";"Penguin Classics";"Mrs. Lirriper's Legacy";"Books";"Anna Sewell"
"749B";"Science Fiction";"Signet";"Dr. Marigold";"Books";"Laura Ingalls Wilder"
"74B";"Essays";"Ballantine Books";"Les Misérables";"Books";"John Milton"
"750B";"Humor";"Penguin Books";"Mugby Junction";"Books";"Lucy Maud Montgomery"
"751B";"Science Fiction";"Cliffs Notes";"No Thoroughfare";"Books";"Bram Stoker"
"752B";"Humor";"Barnes & Noble Classics";"George Silverman's Explanation";"Books";"Charles Dickens"
"753B";"Non-Fiction";"Dover Publications";"Holiday Romance";"Books";"Charles Dickens"
"754B";"Science";"Barnes & Noble";"Hunted Down";"Books";"Jane Austen"
"755B";"Travel";"Mira Books";"The Haunted House";"Books";"Jane Austen"
"756B";"Memoir";"Cambridge University Press";"A Message from the Sea";"Books";"Jane Austen"
"757B";"Writing";"Penguin Books";"Mrs. Lirriper's Lodgings";"Books";"Jane Austen"
"758B";"Language";"Vintage";"Mrs. Lirriper's Legacy";"Books";"Jane Austen"
"759B";"Travel";"Buccaneer Books";"Dr. Marigold";"Books";"Homer"
"75B";"Non-Fiction";"Delacorte Books for Young Readers";"The Three Musketeers";"Books";"Geoffrey Chaucer"
"760B";"Memoir";"Scribner";"Mugby Junction";"Books";"Homer"
"761B";"Travel";"Clarity Press";"No Thoroughfare";"Books";"Virgil"
"762B";"Humor";"Rowman & Littlefield Publishers";"George Silverman's Explanation";"Books";"Dante Alighieri"
"763B";"Travel";"Pearson";"Holiday Romance";"Books";"Miguel de Cervantes"
"764B";"Memoir";"Teacher Created Resources";"Hunted Down";"Books";"John Milton"
"765B";"Travel";"Harper Perennial";"The Haunted House";"Books";"Geoffrey Chaucer"
"766B";"Memoir";"EMC/Paradigm Publishing";"A Message from the Sea";"Books";"Herman Melville"
"767B";"Travel";"Teaching Resources";"Master Humphrey's Clock";"Books";"Mark Twain"
"768B";"Memoir";"Turtleback Books";"Sketches by Boz";"Books";"Mark Twain"
"769B";"Language";"Little Brown Book Group";"Sketches of Young Gentlemen";"Books";"Mark Twain"
"76B";"Travel";"Thomas Nelson";"The Scarlet Letter";"Books";"Herman Melville"
"770B";"Non-Fiction";"William Morrow";"Sketches of Young Couples";"Books";"Jack London"
"771B";"Fantasy";"Atria Books";"Oliver Twist";"Books";"Jack London"
"772B";"Fantasy";"Tor Books";"Nicholas Nickleby";"Books";"Rudyard Kipling"
"773B";"Fantasy";"Vintage Crime/Black Lizard";"The Old Curiosity Shop";"Books";"Lewis Carroll"
"774B";"Fantasy";"Vintage Crime/Black Lizard";"Barnaby Rudge";"Books";"Lewis Carroll"
"775B";"Fantasy";"Vintage Crime/Black Lizard";"Martin Chuzzlewit";"Books";"Kenneth Grahame"
"776B";"Art";"Vintage";"Dombey and Son";"Books";"J.M. Barrie"
"777B";"Fantasy";"Picador USA";"David Copperfield";"Books";"Frances Hodgson Burnett"
"778B";"Art";"Sterling";"Bleak House";"Books";"Anna Sewell"
"779B";"Technology";"Puffin";"Little Dorrit";"Books";"Laura Ingalls Wilder"
"77B";"Non-Fiction";"Wiley";"Sense and Sensibility";"Books";"Mark Twain"
"780B";"Programming";"New Directions Publishing";"A Tale of Two Cities";"Books";"Lucy Maud Montgomery"
"781B";"Young Adult";"Grove Press";"Great Expectations";"Books";"Bram Stoker"
"782B";"Adventure";"Grove Press";"Our Mutual Friend";"Books";"Charles Dickens"
"783B";"Education";"Grove Press";"The Mystery of Edwin Drood";"Books";"Charles Dickens"
"784B";"Teaching";"Grove Press";"A Child's History of England";"Books";"Jane Austen"
"785B";"Biography";"Grove Press";"The Uncommercial Traveller";"Books";"Jane Austen"
"786B";"Memoir";"New Directions";"The Pickwick Papers";"Books";"Jane Austen"
"787B";"Music";"Penguin Classics";"American Notes";"Books";"Jane Austen"
"788B";"Anthology";"Barnes Noble Classics";"Pictures from Italy";"Books";"Jane Austen"
"789B";"Literary Criticism";"Brookline Books";"A Child's Dream of a Star";"Books";"Homer"
"78B";"Medicine";"Heinemann Drama";"Emma";"Books";"Mark Twain"
"790B";"Fantasy";"The New Press";"A Christmas Tree";"Books";"Homer"
"791B";"Romance";"Pantheon";"Hunted Down";"Books";"Virgil"
"792B";"Young Adult";"One World (UK)";"The Signal-Man";"Books";"Dante Alighieri"
"793B";"Fantasy";"Interlink Publishing Group";"George Silverman's Explanation";"Books";"Miguel de Cervantes"
"794B";"Fantasy";"Penguin Books";"The Seven Poor Travellers";"Books";"John Milton"
"795B";"Mystery";"Knopf";"The Holly-Tree Inn";"Books";"Geoffrey Chaucer"
"796B";"Horror";"Citadel";"No Thoroughfare";"Books";"Herman Melville"
"797B";"Drama";"Knopf";"The Lazy Tour of Two Idle Apprentices";"Books";"Mark Twain"
"798B";"Horror";"Kingfisher";"Tom Tiddler's Ground";"Books";"Mark Twain"
"799B";"Historical Fiction";"Sterling Children's Books";"To Be Read at Dusk";"Books";"Mark Twain"
"79B";"Non-Fiction";"William Morrow Paperbacks";"Mansfield Park";"Books";"Mark Twain"
"7B";"Fantasy";"Scholastic";"Fahrenheit 451";"Books";"Jane Austen"
"800B";"Romance";"Simon & Schuster";"The Trial for Murder";"Books";"Jack London"
"801B";"Historical Fiction";"Atheneum Books for Young Readers";"Dickens's Dictionary of London";"Books";"Jack London"
"802B";"Historical Fiction";"Gramercy Books";"Sunday Under Three Heads";"Books";"Rudyard Kipling"
"803B";"Historical Fiction";"Abdo Publishing Company";"Memoirs of Joseph Grimaldi";"Books";"Lewis Carroll"
"804B";"Non-Fiction";"Black Classic Press";"Sketches of Young Couples";"Books";"Lewis Carroll"
"805B";"Finance";"French & European";"Sketches of Young Gentlemen";"Books";"Kenneth Grahame"
"806B";"Fantasy";"Random House Books for Young Readers";"Mrs. Lirriper's Lodgings";"Books";"J.M. Barrie"
"807B";"Graphic Novel";"Zebra";"Mrs. Lirriper's Legacy";"Books";"Frances Hodgson Burnett"
"808B";"Non-Fiction";"Greenwillow Books";"Dr. Marigold";"Books";"Anna Sewell"
"809B";"Essays";"Booket";"Mugby Junction";"Books";"Laura Ingalls Wilder"
"80B";"Environment";"Wiley";"Persuasion";"Books";"Jack London"
"810B";"Non-Fiction";"Del Rey";"No Thoroughfare";"Books";"Lucy Maud Montgomery"
"811B";"Travel";"Ace";"George Silverman's Explanation";"Books";"Bram Stoker"
"812B";"Non-Fiction";"Ace Books";"Holiday Romance";"Books";"Charles Dickens"
"813B";"Medicine";"Del Rey";"Hunted Down";"Books";"Charles Dickens"
"814B";"Non-Fiction";"Tor Books";"The Haunted House";"Books";"Jane Austen"
"815B";"Environment";"Pocket Books";"A Message from the Sea";"Books";"Jane Austen"
"816B";"Non-Fiction";"Del Rey";"Master Humphrey's Clock";"Books";"Jane Austen"
"817B";"Geology";"Del Rey";"Sketches by Boz";"Books";"Jane Austen"
"818B";"Non-Fiction";"Ballantine Books";"Sketches of Young Gentlemen";"Books";"Jane Austen"
"819B";"Travel";"Turtleback Books";"Sketches of Young Couples";"Books";"Homer"
"81B";"Non-Fiction";"McGraw-Hill";"The Odyssey";"Books";"Jack London"
"820B";"Non-Fiction";"Samuel French Inc.";"Oliver Twist";"Books";"Homer"
"821B";"Essays";"Princeton University Press";"Nicholas Nickleby";"Books";"Virgil"
"822B";"Non-Fiction";"W. W. Norton & Company";"The Old Curiosity Shop";"Books";"Dante Alighieri"
"823B";"Biography";"Simon & Schuster";"Barnaby Rudge";"Books";"Miguel de Cervantes"
"824B";"Drama";"HMH Books for Young Readers";"Martin Chuzzlewit";"Books";"John Milton"
"825B";"Play";"Scribner";"Dombey and Son";"Books";"Geoffrey Chaucer"
"826B";"Drama";"Penguin";"David Copperfield";"Books";"Herman Melville"
"827B";"Play";"Penguin Books";"Bleak House";"Books";"Mark Twain"
"828B";"Education";"Vintage Contemporaries";"Little Dorrit";"Books";"Mark Twain"
"829B";"Teaching";"Scribner";"A Tale of Two Cities";"Books";"Mark Twain"
"82B";"Geology";"Wiley";"The Iliad";"Books";"Rudyard Kipling"
"830B";"Crafts";"Penguin Books";"Great Expectations";"Books";"Jack London"
"831B";"Jewelry Making";"Vintage";"Our Mutual Friend";"Books";"Jack London"
"832B";"Non-Fiction";"Penguin Press";"The Mystery of Edwin Drood";"Books";"Rudyard Kipling"
"833B";"Religion";"Harper Perennial Modern Classics";"A Child's History of England";"Books";"Lewis Carroll"
"834B";"Non-Fiction";"Harper Perennial";"The Uncommercial Traveller";"Books";"Lewis Carroll"
"835B";"Parenting";"Penguin Books";"The Pickwick Papers";"Books";"Kenneth Grahame"
"836B";"Non-Fiction";"Picador USA";"American Notes";"Books";"J.M. Barrie"
"837B";"Education";"Penguin Classics";"Pictures from Italy";"Books";"Frances Hodgson Burnett"
"838B";"Non-Fiction";"Penguin Books";"A Child's Dream of a Star";"Books";"Anna Sewell"
"839B";"Business";"Penguin Books";"A Christmas Tree";"Books";"Laura Ingalls Wilder"
"83B";"Non-Fiction";"Wiley";"The Aeneid";"Books";"Lewis Carroll"
"840B";"Non-Fiction";"Sun and Moon Press";"Hunted Down";"Books";"Lucy Maud Montgomery"
"841B";"Fantasy";"Sky Books (NY)";"The Signal-Man";"Books";"Bram Stoker"
"842B";"Fantasy";"Picador";"George Silverman's Explanation";"Books";"Charles Dickens"
"843B";"Fantasy";"Penguin Books";"The Seven Poor Travellers";"Books";"Charles Dickens"
"844B";"Fantasy";"Penguin Books";"The Holly-Tree Inn";"Books";"Jane Austen"
"845B";"Fantasy";"Henry Holt & Company";"No Thoroughfare";"Books";"Jane Austen"
"846B";"Unauthorized Fan Analysis";"Penguin Books";"The Lazy Tour of Two Idle Apprentices";"Books";"Jane Austen"
"847B";"Fantasy";"New Directions";"Tom Tiddler's Ground";"Books";"Jane Austen"
"848B";"Science Fiction";"Actes Sud";"To Be Read at Dusk";"Books";"Jane Austen"
"849B";"Humor";"Penguin Books Ltd. (London)";"The Trial for Murder";"Books";"Homer"
"84B";"Travel";"Wiley";"The Divine Comedy";"Books";"Lewis Carroll"
"850B";"Science Fiction";"Business Plus";"Dickens's Dictionary of London";"Books";"Homer"
"851B";"Humor";"Cambridge University Press";"Sunday Under Three Heads";"Books";"Virgil"
"852B";"Science Fiction";"Simon Schuster";"Memoirs of Joseph Grimaldi";"Books";"Dante Alighieri"
"853B";"Humor";"Ballantine Books";"Sketches of Young Couples";"Books";"Miguel de Cervantes"
"854B";"Science Fiction";"W. W. Norton Company";"Sketches of Young Gentlemen";"Books";"John Milton"
"855B";"Humor";"Filiquarian Publishing LLC.";"Mrs. Lirriper's Lodgings";"Books";"Geoffrey Chaucer"
"856B";"Science Fiction";"Citadel";"Mrs. Lirriper's Legacy";"Books";"Herman Melville"
"857B";"Humor";"Lerner Publications";"Dr. Marigold";"Books";"Mark Twain"
"858B";"Non-Fiction";"Adventures Unlimited Press";"Mugby Junction";"Books";"Mark Twain"
"859B";"Science";"Harlequin Blaze";"No Thoroughfare";"Books";"Mark Twain"
"85B";"Non-Fiction";"Wiley";"Don Quixote";"Books";"Kenneth Grahame"
"860B";"Travel";"Pragmatic Bookshelf";"George Silverman's Explanation";"Books";"Jack London"
"861B";"Memoir";"Cliffs Notes";"Holiday Romance";"Books";"Jack London"
"862B";"Writing";"Listening Library (Audio)";"Hunted Down";"Books";"Rudyard Kipling"
"863B";"Language";"Random House";"The Haunted House";"Books";"Lewis Carroll"
"864B";"Travel";"HarperCollins Publishers";"A Message from the Sea";"Books";"Lewis Carroll"
"865B";"Memoir";"Picador";"Master Humphrey's Clock";"Books";"Kenneth Grahame"
"866B";"Travel";"Large Print Press";"Sketches by Boz";"Books";"J.M. Barrie"
"867B";"Humor";"Ballantine Books";"Sketches of Young Gentlemen";"Books";"Frances Hodgson Burnett"
"868B";"Travel";"Peachpit Press";"Sketches of Young Couples";"Books";"Anna Sewell"
"869B";"Memoir";"Peachpit Press";"Oliver Twist";"Books";"Laura Ingalls Wilder"
"86B";"Essays";"O'Reilly Media";"Paradise Lost";"Books";"J.M. Barrie"
"870B";"Travel";"Taschen";"Nicholas Nickleby";"Books";"Lucy Maud Montgomery"
"871B";"Memoir";"Scribner";"The Old Curiosity Shop";"Books";"Bram Stoker"
"872B";"Travel";"Scribner";"Barnaby Rudge";"Books";"Charles Dickens"
"873B";"Memoir";"Bantam";"Martin Chuzzlewit";"Books";"Charles Dickens"
"874B";"Language";"HarperTorch";"Dombey and Son";"Books";"Jane Austen"
"875B";"Non-Fiction";"Walker & Company";"David Copperfield";"Books";"Jane Austen"
"876B";"Fantasy";"William Morrow Paperbacks";"Bleak House";"Books";"Jane Austen"
"877B";"Fantasy";"Haynes Manuals N. America Inc.";"Little Dorrit";"Books";"Jane Austen"
"878B";"Fantasy";"Rockport Publishers";"A Tale of Two Cities";"Books";"Jane Austen"
"879B";"Fantasy";"Signet Classics";"Great Expectations";"Books";"Homer"
"87B";"Non-Fiction";"Citadel";"The Canterbury Tales";"Books";"Frances Hodgson Burnett"
"880B";"Fantasy";"Oxford University Press";"Our Mutual Friend";"Books";"Homer"
"881B";"Art";"Dover Publications";"The Mystery of Edwin Drood";"Books";"Virgil"
"882B";"Fantasy";"Plume";"A Child's History of England";"Books";"Dante Alighieri"
"883B";"Art";"Signet Book";"The Uncommercial Traveller";"Books";"Miguel de Cervantes"
"884B";"Technology";"Dutton";"The Pickwick Papers";"Books";"John Milton"
"885B";"Programming";"Signet";"American Notes";"Books";"Geoffrey Chaucer"
"886B";"Young Adult";"NAL";"Pictures from Italy";"Books";"Herman Melville"
"887B";"Adventure";"Signet";"A Child's Dream of a Star";"Books";"Mark Twain"
"888B";"Education";"Signet";"A Christmas Tree";"Books";"Mark Twain"
"889B";"Teaching";"NAL";"Hunted Down";"Books";"Mark Twain"
"88B";"Biography";"Citadel";"Moby Dick";"Books";"Anna Sewell"
"890B";"Biography";"For Dummies";"The Signal-Man";"Books";"Jack London"
"891B";"Memoir";"Delacorte Press";"George Silverman's Explanation";"Books";"Jack London"
"892B";"Music";"Random House Trade Paperbacks";"The Seven Poor Travellers";"Books";"Rudyard Kipling"
"893B";"Anthology";"Lyons Press";"The Holly-Tree Inn";"Books";"Lewis Carroll"
"894B";"Literary Criticism";"Alliance Publishing";"No Thoroughfare";"Books";"Lewis Carroll"
"895B";"Fantasy";"Farrar Straus Giroux";"The Lazy Tour of Two Idle Apprentices";"Books";"Kenneth Grahame"
"896B";"Romance";"Alfred A. Knopf";"Tom Tiddler's Ground";"Books";"J.M. Barrie"
"897B";"Young Adult";"Bedford Books";"To Be Read at Dusk";"Books";"Frances Hodgson Burnett"
"898B";"Fantasy";"Oxford University Press USA";"The Trial for Murder";"Books";"Anna Sewell"
"899B";"Fantasy";"Vintage International";"Dickens's Dictionary of London";"Books";"Laura Ingalls Wilder"
"89B";"Drama";"O'Reilly Media";"The Old Man and the Sea";"Books";"Laura Ingalls Wilder"
"8B";"Science Fiction";"Gramercy Books";"Brave New World";"Books";"Jane Austen"
"900B";"Mystery";"Vintage";"Sunday Under Three Heads";"Books";"Lucy Maud Montgomery"
"901B";"Horror";"Farrar Straus Giroux";"Memoirs of Joseph Grimaldi";"Books";"Bram Stoker"
"902B";"Drama";"Vintage International";"Sketches of Young Couples";"Books";"Charles Dickens"
"903B";"Horror";"Everyman's Library";"Sketches of Young Gentlemen";"Books";"Charles Dickens"
"904B";"Historical Fiction";"Farrar Straus and Giroux";"Mrs. Lirriper's Lodgings";"Books";"Jane Austen"
"905B";"Romance";"Penguin Classics";"Mrs. Lirriper's Legacy";"Books";"Jane Austen"
"906B";"Historical Fiction";"Penguin Books";"Dr. Marigold";"Books";"Jane Austen"
"907B";"Historical Fiction";"Penguin Books";"Mugby Junction";"Books";"Jane Austen"
"908B";"Historical Fiction";"Sun and Moon Press";"No Thoroughfare";"Books";"Jane Austen"
"909B";"Non-Fiction";"Sky Books (NY)";"George Silverman's Explanation";"Books";"Homer"
"90B";"Play";"Penguin Classics";"Lord of the Flies";"Books";"Lucy Maud Montgomery"
"910B";"Finance";"Picador";"Holiday Romance";"Books";"Homer"
"911B";"Fantasy";"Penguin Books";"Hunted Down";"Books";"Virgil"
"912B";"Graphic Novel";"Penguin Books";"The Haunted House";"Books";"Dante Alighieri"
"913B";"Non-Fiction";"Henry Holt & Company";"Message from the Sea";"Books";"Miguel de Cervantes"
"914B";"Essays";"Penguin Books";"Master Humphrey's Clock";"Books";"John Milton"
"915B";"Non-Fiction";"New Directions";"Sketches by Boz";"Books";"Geoffrey Chaucer"
"916B";"Travel";"Actes Sud";"Sketches of Young Gentlemen";"Books";"Herman Melville"
"917B";"Non-Fiction";"Penguin Books Ltd. (London)";"Sketches of Young Couples";"Books";"Mark Twain"
"918B";"Medicine";"Dramatists Play Service";"Oliver Twist";"Books";"Mark Twain"
"919B";"Non-Fiction";"Vintage";"Nicholas Nickleby";"Books";"Mark Twain"
"91B";"Drama";"Signet";"Catch-22";"Books";"Bram Stoker"
"920B";"Environment";"Routledge";"The Old Curiosity Shop";"Books";"Jack London"
"921B";"Non-Fiction";"North Light Books";"Barnaby Rudge";"Books";"Jack London"
"922B";"Geology";"Chosen Books";"Martin Chuzzlewit";"Books";"Rudyard Kipling"
"923B";"Non-Fiction";"Association for Supervision & Curriculum Development";"Dombey and Son";"Books";"Lewis Carroll"
"924B";"Travel";"Kingfisher";"David Copperfield";"Books";"Lewis Carroll"
"925B";"Non-Fiction";"ASCD";"Bleak House";"Books";"Kenneth Grahame"
"926B";"Essays";"Sovereign World";"Little Dorrit";"Books";"J.M. Barrie"
"927B";"Non-Fiction";"Workman Publishing Company";"A Tale of Two Cities";"Books";"Frances Hodgson Burnett"
"928B";"Biography";"One Hour Entertainment";"Great Expectations";"Books";"Anna Sewell"
"929B";"Drama";"North Light Books";"Our Mutual Friend";"Books";"Laura Ingalls Wilder"
"92B";"Play";"Penguin Books";"One Flew Over the Cuckoo's Nest";"Books";"Charles Dickens"
"930B";"Play";"Ace Books";"The Mystery of Edwin Drood";"Books";"Lucy Maud Montgomery"
"931B";"Drama";"Ace Books";"A Child's History of England";"Books";"Bram Stoker"
"932B";"Play";"Ace Books";"The Uncommercial Traveller";"Books";"Charles Dickens"
"933B";"Education";"Tor Books";"The Pickwick Papers";"Books";"Charles Dickens"
"934B";"Teaching";"Putnam";"American Notes";"Books";"Jane Austen"
"935B";"Crafts";"Tor Science Fiction";"Pictures from Italy";"Books";"Jane Austen"
"936B";"Jewelry Making";"Ace Books";"A Child's Dream of a Star";"Books";"Jane Austen"
"937B";"Non-Fiction";"Houghton Mifflin Harcourt";"A Christmas Tree";"Books";"Jane Austen"
"938B";"Religion";"Ballantine Books";"Hunted Down";"Books";"Jane Austen"
"939B";"Non-Fiction";"Delacorte Books for Young Readers";"The Signal-Man";"Books";"Homer"
"93B";"Education";"Cliffs Notes";"Slaughterhouse-Five";"Books";"Charles Dickens"
"940B";"Parenting";"Thomas Nelson";"George Silverman's Explanation";"Books";"Homer"
"941B";"Non-Fiction";"Wiley";"The Seven Poor Travellers";"Books";"Virgil"
"942B";"Education";"Heinemann Drama";"The Holly-Tree Inn";"Books";"Dante Alighieri"
"943B";"Non-Fiction";"William Morrow Paperbacks";"No Thoroughfare";"Books";"Miguel de Cervantes"
"944B";"Business";"Wiley";"The Lazy Tour of Two Idle Apprentices";"Books";"John Milton"
"945B";"Non-Fiction";"McGraw-Hill";"Tom Tiddler's Ground";"Books";"Geoffrey Chaucer"
"946B";"Fantasy";"Wiley";"To Be Read at Dusk";"Books";"Herman Melville"
"947B";"Fantasy";"Wiley";"The Trial for Murder";"Books";"Mark Twain"
"948B";"Fantasy";"Wiley";"Dickens's Dictionary of London";"Books";"Mark Twain"
"949B";"Fantasy";"Wiley";"Sunday Under Three Heads";"Books";"Mark Twain"
"94B";"Teaching";"Barnes & Noble Classics";"The Grapes of Wrath";"Books";"Jane Austen"
"950B";"Fantasy";"O'Reilly Media";"Memoirs of Joseph Grimaldi";"Books";"Jack London"
"951B";"Unauthorized Fan Analysis";"Citadel";"Sketches of Young Couples";"Books";"Jack London"
"952B";"Fantasy";"Citadel";"Sketches of Young Gentlemen";"Books";"Rudyard Kipling"
"953B";"Science Fiction";"O'Reilly Media";"Mrs. Lirriper's Lodgings";"Books";"Lewis Carroll"
"954B";"Humor";"Penguin Classics";"Mrs. Lirriper's Legacy";"Books";"Lewis Carroll"
"955B";"Science Fiction";"Signet";"Dr. Marigold";"Books";"Kenneth Grahame"
"956B";"Humor";"Penguin Books";"Mugby Junction";"Books";"J.M. Barrie"
"957B";"Science Fiction";"Cliffs Notes";"No Thoroughfare";"Books";"Frances Hodgson Burnett"
"958B";"Humor";"Barnes & Noble Classics";"George Silverman's Explanation";"Books";"Anna Sewell"
"959B";"Science Fiction";"Dover Publications";"Holiday Romance";"Books";"Laura Ingalls Wilder"
"95B";"Crafts";"Dover Publications";"The Chronicles of Narnia";"Books";"Jane Austen"
"960B";"Humor";"Barnes & Noble";"Hunted Down";"Books";"Lucy Maud Montgomery"
"961B";"Science Fiction";"Mira Books";"The Haunted House";"Books";"Bram Stoker"
"962B";"Humor";"Cambridge University Press";"A Message from the Sea";"Books";"Charles Dickens"
"963B";"Non-Fiction";"Penguin Books";"Master Humphrey's Clock";"Books";"Charles Dickens"
"964B";"Science";"Vintage";"Sketches by Boz";"Books";"Jane Austen"
"965B";"Travel";"Buccaneer Books";"Sketches of Young Gentlemen";"Books";"Jane Austen"
"966B";"Memoir";"Scribner";"Sketches of Young Couples";"Books";"Jane Austen"
"967B";"Writing";"Clarity Press";"Oliver Twist";"Books";"Jane Austen"
"968B";"Language";"Rowman & Littlefield Publishers";"Nicholas Nickleby";"Books";"Jane Austen"
"969B";"Travel";"Pearson";"The Old Curiosity Shop";"Books";"Homer"
"96B";"Jewelry Making";"Barnes & Noble";"The Harry Potter series";"Books";"Jane Austen"
"970B";"Memoir";"Teacher Created Resources";"Barnaby Rudge";"Books";"Homer"
"971B";"Travel";"Harper Perennial";"Martin Chuzzlewit";"Books";"Virgil"
"972B";"Humor";"EMC/Paradigm Publishing";"Dombey and Son";"Books";"Dante Alighieri"
"973B";"Travel";"Teaching Resources";"David Copperfield";"Books";"Miguel de Cervantes"
"974B";"Memoir";"Turtleback Books";"Bleak House";"Books";"John Milton"
"975B";"Travel";"Little Brown Book Group";"Little Dorrit";"Books";"Geoffrey Chaucer"
"976B";"Memoir";"William Morrow";"A Tale of Two Cities";"Books";"Herman Melville"
"977B";"Travel";"Atria Books";"Great Expectations";"Books";"Mark Twain"
"978B";"Memoir";"Tor Books";"Our Mutual Friend";"Books";"Mark Twain"
"979B";"Language";"Vintage Crime/Black Lizard";"The Mystery of Edwin Drood";"Books";"Mark Twain"
"97B";"Non-Fiction";"Mira Books";"The Hunger Games series";"Books";"Jane Austen"
"980B";"Non-Fiction";"Vintage Crime/Black Lizard";"A Child's History of England";"Books";"Jack London"
"981B";"Fantasy";"Vintage Crime/Black Lizard";"The Uncommercial Traveller";"Books";"Jack London"
"982B";"Fantasy";"Vintage";"The Pickwick Papers";"Books";"Rudyard Kipling"
"983B";"Fantasy";"Picador USA";"American Notes";"Books";"Lewis Carroll"
"984B";"Fantasy";"Sterling";"Pictures from Italy";"Books";"Lewis Carroll"
"985B";"Fantasy";"Puffin";"A Child's Dream of a Star";"Books";"Kenneth Grahame"
"986B";"Art";"New Directions Publishing";"A Christmas Tree";"Books";"J.M. Barrie"
"987B";"Fantasy";"Grove Press";"Hunted Down";"Books";"Frances Hodgson Burnett"
"988B";"Art";"Scholastic Inc.";"The Signal-Man";"Books";"Anna Sewell"
"989B";"Technology";"Scholastic Inc.";"George Silverman's Explanation";"Books";"Laura Ingalls Wilder"
"98B";"Religion";"Cambridge University Press";"The Twilight series";"Books";"Jane Austen"
"990B";"Programming";"Scholastic";"The Seven Poor Travellers";"Books";"Lucy Maud Montgomery"
"991B";"Young Adult";"Scholastic Inc.";"The Holly-Tree Inn";"Books";"Bram Stoker"
"992B";"Adventure";"Scholastic";"No Thoroughfare";"Books";"Charles Dickens"
"993B";"Education";"Nimble Books";"The Lazy Tour of Two Idle Apprentices";"Books";"Charles Dickens"
"994B";"Teaching";"Scholastic";"Tom Tiddler's Ground";"Books";"Jane Austen"
"995B";"Biography";"Gramercy Books";"To Be Read at Dusk";"Books";"Jane Austen"
"996B";"Memoir";"Del Rey Books";"The Trial for Murder";"Books";"Jane Austen"
"997B";"Music";"Crown";"Dickens's Dictionary of London";"Books";"Jane Austen"
"998B";"Anthology";"Random House Audio";"Sunday Under Three Heads";"Books";"Jane Austen"
"999B";"Literary Criticism";"Wings Books";"Memoirs of Joseph Grimaldi";"Books";"Homer"
"99B";"Non-Fiction";"Penguin Books";"The Girl with the Dragon Tattoo";"Books";"Homer"
"9B";"Humor";"Del Rey Books";"The Lord of the Rings";"Books";"Homer"
